{"version": "1", "message": "ERROR: Hidden Testcases server unreachable.", "problem_id": "ads2_m16_a1_1", "user_id": "madhurimukund97", "score": {"sample": {"0": {"execution_time": 0.2897660732269287, "passed": true}, "1": {"execution_time": 0.3224656581878662, "passed": true}, "2": {"execution_time": 0.7894928455352783, "passed": true}, "3": {"execution_time": 0.8042826652526855, "passed": true}, "4": {"execution_time": 0.8342728614807129, "passed": true}, "5": {"execution_time": 0.8731555938720703, "passed": true}, "6": {"execution_time": 0.8852965831756592, "passed": true}, "7": {"execution_time": 0.9251320362091064, "passed": true}, "8": {"execution_time": 0.4271254539489746, "passed": true}, "9": {"execution_time": 0.8690295219421387, "passed": true}, "10": {"execution_time": 0.9022622108459473, "passed": true}, "11": {"execution_time": 5.126889228820801, "passed": true}, "12": {"execution_time": 0.8977768421173096, "passed": true}, "13": {"execution_time": 0.3455467224121094, "passed": true}, "14": {"execution_time": 0.9220426082611084, "passed": true}, "15": {"execution_time": 0.8960044384002686, "passed": true}, "16": {"execution_time": 0.37436532974243164, "passed": true}, "17": {"execution_time": 0.3995354175567627, "passed": true}, "18": {"execution_time": 0.39446544647216797, "passed": true}, "19": {"execution_time": 0.41260242462158203, "passed": true}, "20": {"execution_time": 0.4635000228881836, "passed": true}, "21": {"execution_time": 0.4053018093109131, "passed": true}, "22": {"execution_time": 0.3908553123474121, "passed": true}, "23": {"execution_time": 0.38626575469970703, "passed": true}, "24": {"execution_time": 0.3073306083679199, "passed": true}, "25": {"execution_time": 0.8489329814910889, "passed": true}, "26": {"execution_time": 0.6844637393951416, "passed": true}, "27": {"execution_time": 0.8658838272094727, "passed": true}, "28": {"execution_time": 1.3372471332550049, "passed": true}, "29": {"execution_time": 0.29578685760498047, "passed": true}}}, "check_style_score": "0/1"}