{"version": "1", "message": "ERROR: Hidden Testcases server unreachable.", "problem_id": "ads2_m16_a1_1", "user_id": "madhurimukund97", "score": {"sample": {"0": {"execution_time": 0.3718428611755371, "passed": true}, "1": {"execution_time": 0.3357861042022705, "passed": true}, "2": {"execution_time": 0.9408636093139648, "passed": true}, "3": {"execution_time": 0.8678135871887207, "passed": true}, "4": {"execution_time": 0.9181358814239502, "passed": true}, "5": {"execution_time": 0.8924663066864014, "passed": true}, "6": {"execution_time": 0.9095945358276367, "passed": true}, "7": {"execution_time": 0.9090015888214111, "passed": true}, "8": {"execution_time": 0.4702274799346924, "passed": true}, "9": {"execution_time": 0.8145229816436768, "passed": true}, "10": {"execution_time": 0.8218777179718018, "passed": true}, "11": {"execution_time": 4.893144607543945, "passed": true}, "12": {"execution_time": 0.9419853687286377, "passed": true}, "13": {"execution_time": 0.29572391510009766, "passed": true}, "14": {"execution_time": 0.8584403991699219, "passed": true}, "15": {"execution_time": 0.8697869777679443, "passed": true}, "16": {"execution_time": 0.3822207450866699, "passed": true}, "17": {"execution_time": 0.5782575607299805, "passed": true}, "18": {"execution_time": 0.4088742733001709, "passed": true}, "19": {"execution_time": 0.4210383892059326, "passed": true}, "20": {"execution_time": 0.45430445671081543, "passed": true}, "21": {"execution_time": 0.3818373680114746, "passed": true}, "22": {"execution_time": 0.3838977813720703, "passed": true}, "23": {"execution_time": 0.42446422576904297, "passed": true}, "24": {"execution_time": 0.2841036319732666, "passed": true}, "25": {"execution_time": 0.8807382583618164, "passed": true}, "26": {"execution_time": 0.732973575592041, "passed": true}, "27": {"execution_time": 0.8850400447845459, "passed": true}, "28": {"execution_time": 1.499927282333374, "passed": true}, "29": {"execution_time": 0.3009614944458008, "passed": true}}}, "check_style_score": "0/1"}