{"version": "1", "message": "ERROR: Hidden Testcases server unreachable.", "problem_id": "ads2_m16_a1_1", "user_id": "madhurimukund97", "score": {"sample": {"0": {"execution_time": 0.35445737838745117, "passed": true}, "1": {"execution_time": 0.3306746482849121, "passed": true}, "2": {"execution_time": 0.8614015579223633, "passed": true}, "3": {"execution_time": 0.8849086761474609, "passed": true}, "4": {"execution_time": 0.8047800064086914, "passed": true}, "5": {"execution_time": 0.8632535934448242, "passed": true}, "6": {"execution_time": 0.8034629821777344, "passed": true}, "7": {"execution_time": 0.8165700435638428, "passed": true}, "8": {"execution_time": 0.421201229095459, "passed": true}, "9": {"execution_time": 0.8271937370300293, "passed": true}, "10": {"execution_time": 0.8837673664093018, "passed": true}, "11": {"execution_time": 4.8391640186309814, "passed": true}, "12": {"execution_time": 0.9348926544189453, "passed": true}, "13": {"execution_time": 0.28980398178100586, "passed": true}, "14": {"execution_time": 0.8866565227508545, "passed": true}, "15": {"execution_time": 0.8679049015045166, "passed": true}, "16": {"execution_time": 0.4629666805267334, "passed": true}, "17": {"execution_time": 0.42784881591796875, "passed": true}, "18": {"execution_time": 0.38037919998168945, "passed": true}, "19": {"execution_time": 0.4144735336303711, "passed": true}, "20": {"execution_time": 0.45487332344055176, "passed": true}, "21": {"execution_time": 0.3888838291168213, "passed": true}, "22": {"execution_time": 0.3589472770690918, "passed": true}, "23": {"execution_time": 0.40357327461242676, "passed": true}, "24": {"execution_time": 0.26062583923339844, "passed": true}, "25": {"execution_time": 1.041700839996338, "passed": true}, "26": {"execution_time": 0.7325758934020996, "passed": true}, "27": {"execution_time": 0.9436125755310059, "passed": true}, "28": {"execution_time": 1.4204754829406738, "passed": true}, "29": {"execution_time": 0.2942337989807129, "passed": true}}}, "check_style_score": "0/1"}