{"version": "1", "message": "ERROR: Hidden Testcases server unreachable.", "problem_id": "ads2_m16_a1_1", "user_id": "madhurimukund97", "score": {"sample": {"0": {"execution_time": 0.3051567077636719, "passed": true}, "1": {"execution_time": 0.3075382709503174, "passed": true}, "2": {"execution_time": 0.8118884563446045, "passed": true}, "3": {"execution_time": 0.8341696262359619, "passed": true}, "4": {"execution_time": 0.8555400371551514, "passed": true}, "5": {"execution_time": 0.8652677536010742, "passed": true}, "6": {"execution_time": 1.0208852291107178, "passed": true}, "7": {"execution_time": 0.9021179676055908, "passed": true}, "8": {"execution_time": 0.40463900566101074, "passed": true}, "9": {"execution_time": 0.8544447422027588, "passed": true}, "10": {"execution_time": 0.8942289352416992, "passed": true}, "11": {"execution_time": 4.919731140136719, "passed": true}, "12": {"execution_time": 0.8726687431335449, "passed": true}, "13": {"execution_time": 0.28862595558166504, "passed": true}, "14": {"execution_time": 0.8190522193908691, "passed": true}, "15": {"execution_time": 0.9514691829681396, "passed": true}, "16": {"execution_time": 0.37018513679504395, "passed": true}, "17": {"execution_time": 0.4090535640716553, "passed": true}, "18": {"execution_time": 0.36782336235046387, "passed": true}, "19": {"execution_time": 0.4491579532623291, "passed": true}, "20": {"execution_time": 0.4767768383026123, "passed": true}, "21": {"execution_time": 0.36484575271606445, "passed": true}, "22": {"execution_time": 0.5312080383300781, "passed": true}, "23": {"execution_time": 0.6086885929107666, "passed": true}, "24": {"execution_time": 0.34700822830200195, "passed": true}, "25": {"execution_time": 0.9040331840515137, "passed": true}, "26": {"execution_time": 0.7629680633544922, "passed": true}, "27": {"execution_time": 0.8652896881103516, "passed": true}, "28": {"execution_time": 1.3341126441955566, "passed": true}, "29": {"execution_time": 0.2767794132232666, "passed": true}}}, "check_style_score": "0/1"}