{"version": "1", "message": "ERROR: Hidden Testcases server unreachable.", "problem_id": "ads2_m16_a1_1", "user_id": "madhurimukund97", "score": {"sample": {"0": {"execution_time": 0.30712389945983887, "passed": true}, "1": {"execution_time": 0.34177660942077637, "passed": true}, "2": {"execution_time": 0.9768149852752686, "passed": true}, "3": {"execution_time": 0.8197448253631592, "passed": true}, "4": {"execution_time": 0.9627072811126709, "passed": true}, "5": {"execution_time": 1.0626146793365479, "passed": true}, "6": {"execution_time": 0.8098387718200684, "passed": true}, "7": {"execution_time": 0.7917921543121338, "passed": true}, "8": {"execution_time": 0.40625619888305664, "passed": true}, "9": {"execution_time": 0.792168378829956, "passed": true}, "10": {"execution_time": 0.8044743537902832, "passed": true}, "11": {"execution_time": 4.6485559940338135, "passed": true}, "12": {"execution_time": 0.8860881328582764, "passed": true}, "13": {"execution_time": 0.2913501262664795, "passed": true}, "14": {"execution_time": 0.7890498638153076, "passed": true}, "15": {"execution_time": 0.8561270236968994, "passed": true}, "16": {"execution_time": 0.3656787872314453, "passed": true}, "17": {"execution_time": 0.4150094985961914, "passed": true}, "18": {"execution_time": 0.5365722179412842, "passed": true}, "19": {"execution_time": 0.3896651268005371, "passed": true}, "20": {"execution_time": 0.46493005752563477, "passed": true}, "21": {"execution_time": 0.3865082263946533, "passed": true}, "22": {"execution_time": 0.49623918533325195, "passed": true}, "23": {"execution_time": 0.39177489280700684, "passed": true}, "24": {"execution_time": 0.4543640613555908, "passed": true}, "25": {"execution_time": 0.8612143993377686, "passed": true}, "26": {"execution_time": 0.8518836498260498, "passed": true}, "27": {"execution_time": 0.850792646408081, "passed": true}, "28": {"execution_time": 1.4005911350250244, "passed": true}, "29": {"execution_time": 0.27330470085144043, "passed": false}}}, "check_style_score": "0/1"}