{"version": "1", "message": "ERROR: Hidden Testcases server unreachable.", "problem_id": "ads2_m16_a1_1", "user_id": "madhurimukund97", "score": {"sample": {"0": {"execution_time": 0.2949028015136719, "passed": true}, "1": {"execution_time": 0.3238492012023926, "passed": true}, "2": {"execution_time": 0.9215288162231445, "passed": true}, "3": {"execution_time": 0.9928379058837891, "passed": true}, "4": {"execution_time": 0.8272242546081543, "passed": true}, "5": {"execution_time": 0.8470685482025146, "passed": true}, "6": {"execution_time": 0.9761533737182617, "passed": true}, "7": {"execution_time": 1.171109914779663, "passed": true}, "8": {"execution_time": 0.5241832733154297, "passed": true}, "9": {"execution_time": 0.8842697143554688, "passed": true}, "10": {"execution_time": 1.0074219703674316, "passed": true}, "11": {"execution_time": 5.31145715713501, "passed": true}, "12": {"execution_time": 0.8971383571624756, "passed": true}, "13": {"execution_time": 0.3063178062438965, "passed": true}, "14": {"execution_time": 0.8658580780029297, "passed": true}, "15": {"execution_time": 0.9041359424591064, "passed": true}, "16": {"execution_time": 0.43067502975463867, "passed": true}, "17": {"execution_time": 0.3723576068878174, "passed": true}, "18": {"execution_time": 0.3826262950897217, "passed": true}, "19": {"execution_time": 0.45073604583740234, "passed": true}, "20": {"execution_time": 0.7301745414733887, "passed": true}, "21": {"execution_time": 0.4808495044708252, "passed": true}, "22": {"execution_time": 0.42725539207458496, "passed": true}, "23": {"execution_time": 0.4220597743988037, "passed": true}, "24": {"execution_time": 0.335906982421875, "passed": true}, "25": {"execution_time": 0.8858482837677002, "passed": true}, "26": {"execution_time": 0.7600829601287842, "passed": true}, "27": {"execution_time": 0.883965015411377, "passed": true}, "28": {"execution_time": 1.4186809062957764, "passed": true}, "29": {"execution_time": 0.29061388969421387, "passed": true}}}, "check_style_score": "0/1"}