{"version": "1", "message": "ERROR: Hidden Testcases server unreachable.", "problem_id": "ads2_m16_a1_1", "user_id": "madhurimukund97", "score": {"sample": {"0": {"execution_time": 0.37579822540283203, "passed": false}, "1": {"execution_time": 0.2589433193206787, "passed": false}, "2": {"execution_time": 0.5664513111114502, "passed": false}, "3": {"execution_time": 0.4979865550994873, "passed": false}, "4": {"execution_time": 0.516643762588501, "passed": false}, "5": {"execution_time": 0.7204830646514893, "passed": false}, "6": {"execution_time": 0.4716458320617676, "passed": false}, "7": {"execution_time": 0.4784703254699707, "passed": false}, "8": {"execution_time": 0.344590425491333, "passed": false}, "9": {"execution_time": 0.5347137451171875, "passed": false}, "10": {"execution_time": 0.5413997173309326, "passed": false}, "11": {"execution_time": 0.23174834251403809, "passed": false}, "12": {"execution_time": 0.559290885925293, "passed": false}, "13": {"execution_time": 0.27313899993896484, "passed": false}, "14": {"execution_time": 0.5308129787445068, "passed": false}, "15": {"execution_time": 0.5950174331665039, "passed": false}, "16": {"execution_time": 0.28812313079833984, "passed": false}, "17": {"execution_time": 0.3108525276184082, "passed": false}, "18": {"execution_time": 0.34467601776123047, "passed": false}, "19": {"execution_time": 0.3222615718841553, "passed": false}, "20": {"execution_time": 0.30404067039489746, "passed": false}, "21": {"execution_time": 0.44858336448669434, "passed": false}, "22": {"execution_time": 0.33501195907592773, "passed": false}, "23": {"execution_time": 0.4786558151245117, "passed": false}, "24": {"execution_time": 0.30935120582580566, "passed": false}, "25": {"execution_time": 0.4631781578063965, "passed": false}, "26": {"execution_time": 0.6394052505493164, "passed": false}, "27": {"execution_time": 0.6006717681884766, "passed": false}, "28": {"execution_time": 0.6970300674438477, "passed": false}, "29": {"execution_time": 0.2744719982147217, "passed": true}}}, "check_style_score": "0/1"}