{"version": "1", "message": "ERROR: Hidden Testcases server unreachable.", "problem_id": "ads2_m16_a1_1", "user_id": "madhurimukund97", "score": {"sample": {"0": {"execution_time": 0.2660400867462158, "passed": false}, "1": {"execution_time": 0.4468076229095459, "passed": false}, "2": {"execution_time": 0.45625925064086914, "passed": false}, "3": {"execution_time": 0.4655752182006836, "passed": false}, "4": {"execution_time": 0.4481334686279297, "passed": false}, "5": {"execution_time": 0.45098352432250977, "passed": false}, "6": {"execution_time": 0.4611983299255371, "passed": false}, "7": {"execution_time": 0.4923853874206543, "passed": false}, "8": {"execution_time": 0.30545949935913086, "passed": false}, "9": {"execution_time": 0.7685933113098145, "passed": false}, "10": {"execution_time": 0.5292973518371582, "passed": false}, "11": {"execution_time": 0.4252133369445801, "passed": false}, "12": {"execution_time": 0.5352513790130615, "passed": false}, "13": {"execution_time": 0.23112249374389648, "passed": false}, "14": {"execution_time": 0.6289210319519043, "passed": false}, "15": {"execution_time": 0.4886453151702881, "passed": false}, "16": {"execution_time": 0.3036313056945801, "passed": false}, "17": {"execution_time": 0.32710790634155273, "passed": false}, "18": {"execution_time": 0.5065944194793701, "passed": false}, "19": {"execution_time": 0.3420417308807373, "passed": false}, "20": {"execution_time": 0.3018991947174072, "passed": false}, "21": {"execution_time": 0.2921316623687744, "passed": false}, "22": {"execution_time": 0.3525056838989258, "passed": false}, "23": {"execution_time": 0.32004308700561523, "passed": false}, "24": {"execution_time": 0.26729440689086914, "passed": false}, "25": {"execution_time": 0.5084714889526367, "passed": false}, "26": {"execution_time": 0.41488218307495117, "passed": false}, "27": {"execution_time": 0.499866247177124, "passed": false}, "28": {"execution_time": 0.620283842086792, "passed": false}, "29": {"execution_time": 0.28444623947143555, "passed": false}}}, "check_style_score": "0/1"}