{"version": "1", "message": "ERROR: Hidden Testcases server unreachable.", "problem_id": "ads2_m16_a1_1", "user_id": "madhurimukund97", "score": {"sample": {"0": {"execution_time": 0.34059882164001465, "passed": true}, "1": {"execution_time": 0.3216261863708496, "passed": true}, "2": {"execution_time": 0.8459959030151367, "passed": true}, "3": {"execution_time": 0.8225932121276855, "passed": true}, "4": {"execution_time": 0.9761776924133301, "passed": true}, "5": {"execution_time": 0.91251540184021, "passed": true}, "6": {"execution_time": 1.0604102611541748, "passed": true}, "7": {"execution_time": 0.8904974460601807, "passed": true}, "8": {"execution_time": 0.40444326400756836, "passed": true}, "9": {"execution_time": 0.8154129981994629, "passed": true}, "10": {"execution_time": 0.815617561340332, "passed": true}, "11": {"execution_time": 4.875793218612671, "passed": true}, "12": {"execution_time": 0.9591405391693115, "passed": true}, "13": {"execution_time": 0.3693222999572754, "passed": true}, "14": {"execution_time": 0.899695873260498, "passed": true}, "15": {"execution_time": 0.8423116207122803, "passed": true}, "16": {"execution_time": 0.3938617706298828, "passed": true}, "17": {"execution_time": 0.3858938217163086, "passed": true}, "18": {"execution_time": 0.4136021137237549, "passed": true}, "19": {"execution_time": 0.4090292453765869, "passed": true}, "20": {"execution_time": 0.6160688400268555, "passed": true}, "21": {"execution_time": 0.41608381271362305, "passed": true}, "22": {"execution_time": 0.40591955184936523, "passed": true}, "23": {"execution_time": 0.39197635650634766, "passed": true}, "24": {"execution_time": 0.2665276527404785, "passed": true}, "25": {"execution_time": 0.9008603096008301, "passed": true}, "26": {"execution_time": 0.7198014259338379, "passed": true}, "27": {"execution_time": 1.0513246059417725, "passed": true}, "28": {"execution_time": 1.3444640636444092, "passed": true}, "29": {"execution_time": 0.2618601322174072, "passed": true}}}, "check_style_score": "0/1"}