{"version": "1", "message": "ERROR: Hidden Testcases server unreachable.", "problem_id": "ads2_m16_a1_1", "user_id": "madhurimukund97", "score": {"sample": {"0": {"execution_time": 0.30605006217956543, "passed": true}, "1": {"execution_time": 0.40753650665283203, "passed": true}, "2": {"execution_time": 0.9178018569946289, "passed": true}, "3": {"execution_time": 0.8088090419769287, "passed": true}, "4": {"execution_time": 0.7853958606719971, "passed": true}, "5": {"execution_time": 0.8174505233764648, "passed": true}, "6": {"execution_time": 0.7694389820098877, "passed": true}, "7": {"execution_time": 0.8977692127227783, "passed": true}, "8": {"execution_time": 0.44408512115478516, "passed": true}, "9": {"execution_time": 0.8146958351135254, "passed": true}, "10": {"execution_time": 0.8305532932281494, "passed": true}, "11": {"execution_time": 4.737166881561279, "passed": true}, "12": {"execution_time": 0.8275208473205566, "passed": true}, "13": {"execution_time": 0.29645872116088867, "passed": true}, "14": {"execution_time": 0.9100399017333984, "passed": true}, "15": {"execution_time": 0.8334217071533203, "passed": true}, "16": {"execution_time": 0.3888275623321533, "passed": true}, "17": {"execution_time": 0.3628571033477783, "passed": true}, "18": {"execution_time": 0.4222540855407715, "passed": true}, "19": {"execution_time": 0.44225382804870605, "passed": true}, "20": {"execution_time": 0.480480432510376, "passed": true}, "21": {"execution_time": 0.40282654762268066, "passed": true}, "22": {"execution_time": 0.42044615745544434, "passed": true}, "23": {"execution_time": 0.4893620014190674, "passed": true}, "24": {"execution_time": 0.40860748291015625, "passed": true}, "25": {"execution_time": 1.0126988887786865, "passed": true}, "26": {"execution_time": 0.7857716083526611, "passed": true}, "27": {"execution_time": 0.8908028602600098, "passed": true}, "28": {"execution_time": 1.4538226127624512, "passed": true}, "29": {"execution_time": 0.29706311225891113, "passed": true}}}, "check_style_score": "0/1"}