{"version": "1", "message": "ERROR: Hidden Testcases server unreachable.", "problem_id": "ads2_m16_a1_1", "user_id": "madhurimukund97", "score": {"sample": {"0": {"execution_time": 0.3650996685028076, "passed": false}, "1": {"execution_time": 0.2358238697052002, "passed": false}, "2": {"execution_time": 0.4789097309112549, "passed": false}, "3": {"execution_time": 0.6487963199615479, "passed": false}, "4": {"execution_time": 0.49393153190612793, "passed": false}, "5": {"execution_time": 0.4639852046966553, "passed": false}, "6": {"execution_time": 0.49614477157592773, "passed": false}, "7": {"execution_time": 0.6133568286895752, "passed": false}, "8": {"execution_time": 0.36382031440734863, "passed": false}, "9": {"execution_time": 0.6296617984771729, "passed": false}, "10": {"execution_time": 0.481614351272583, "passed": false}, "11": {"execution_time": 0.21889996528625488, "passed": false}, "12": {"execution_time": 0.44790053367614746, "passed": false}, "13": {"execution_time": 0.26233863830566406, "passed": false}, "14": {"execution_time": 0.5646770000457764, "passed": false}, "15": {"execution_time": 0.49115753173828125, "passed": false}, "16": {"execution_time": 0.2927212715148926, "passed": false}, "17": {"execution_time": 0.33458566665649414, "passed": false}, "18": {"execution_time": 0.34444093704223633, "passed": false}, "19": {"execution_time": 0.29204607009887695, "passed": false}, "20": {"execution_time": 0.31685709953308105, "passed": false}, "21": {"execution_time": 0.3179619312286377, "passed": false}, "22": {"execution_time": 0.30517077445983887, "passed": false}, "23": {"execution_time": 0.31944918632507324, "passed": false}, "24": {"execution_time": 0.20008492469787598, "passed": false}, "25": {"execution_time": 0.47762036323547363, "passed": false}, "26": {"execution_time": 0.40317749977111816, "passed": false}, "27": {"execution_time": 0.5335075855255127, "passed": false}, "28": {"execution_time": 0.6035010814666748, "passed": false}, "29": {"execution_time": 0.2579946517944336, "passed": false}}}, "check_style_score": "0/1"}