{"version": "1", "message": "ERROR: Hidden Testcases server unreachable.", "problem_id": "ads2_m16_a1_1", "user_id": "madhurimukund97", "score": {"sample": {"0": {"execution_time": 0.2517876625061035, "passed": false}, "1": {"execution_time": 0.24981355667114258, "passed": false}, "2": {"execution_time": 0.5161702632904053, "passed": false}, "3": {"execution_time": 0.47066426277160645, "passed": false}, "4": {"execution_time": 0.547764778137207, "passed": false}, "5": {"execution_time": 0.4650852680206299, "passed": false}, "6": {"execution_time": 0.6635456085205078, "passed": false}, "7": {"execution_time": 0.46924781799316406, "passed": false}, "8": {"execution_time": 0.33261680603027344, "passed": false}, "9": {"execution_time": 0.45946741104125977, "passed": false}, "10": {"execution_time": 0.5489146709442139, "passed": false}, "11": {"execution_time": 0.28470706939697266, "passed": false}, "12": {"execution_time": 0.5258595943450928, "passed": false}, "13": {"execution_time": 0.28124475479125977, "passed": false}, "14": {"execution_time": 0.5099401473999023, "passed": false}, "15": {"execution_time": 0.5146431922912598, "passed": false}, "16": {"execution_time": 0.308696985244751, "passed": false}, "17": {"execution_time": 0.4166245460510254, "passed": false}, "18": {"execution_time": 0.3087947368621826, "passed": false}, "19": {"execution_time": 0.2787647247314453, "passed": false}, "20": {"execution_time": 0.47198486328125, "passed": false}, "21": {"execution_time": 0.29768943786621094, "passed": false}, "22": {"execution_time": 0.3004918098449707, "passed": false}, "23": {"execution_time": 0.4163498878479004, "passed": false}, "24": {"execution_time": 0.22252798080444336, "passed": false}, "25": {"execution_time": 0.533893346786499, "passed": false}, "26": {"execution_time": 0.4439668655395508, "passed": false}, "27": {"execution_time": 0.4935624599456787, "passed": false}, "28": {"execution_time": 0.8279087543487549, "passed": false}, "29": {"execution_time": 0.27383852005004883, "passed": true}}}, "check_style_score": "0/1"}