{"version": "1", "message": "ERROR: Hidden Testcases server unreachable.", "problem_id": "ads2_m16_a1_1", "user_id": "madhurimukund97", "score": {"sample": {"0": {"execution_time": 0.3408317565917969, "passed": true}, "1": {"execution_time": 0.34722042083740234, "passed": true}, "2": {"execution_time": 1.6820237636566162, "passed": true}, "3": {"execution_time": 1.7398362159729004, "passed": true}, "4": {"execution_time": 1.844750165939331, "passed": true}, "5": {"execution_time": 1.7247223854064941, "passed": true}, "6": {"execution_time": 1.7198512554168701, "passed": true}, "7": {"execution_time": 1.6889264583587646, "passed": true}, "8": {"execution_time": 0.4947171211242676, "passed": true}, "9": {"execution_time": 1.7544982433319092, "passed": true}, "10": {"execution_time": 1.6966404914855957, "passed": true}, "11": {"execution_time": 4.8048460483551025, "passed": true}, "12": {"execution_time": 1.7991271018981934, "passed": true}, "13": {"execution_time": 0.2772104740142822, "passed": true}, "14": {"execution_time": 1.5946526527404785, "passed": true}, "15": {"execution_time": 1.6043858528137207, "passed": true}, "16": {"execution_time": 0.43343257904052734, "passed": true}, "17": {"execution_time": 0.42830538749694824, "passed": true}, "18": {"execution_time": 0.4195406436920166, "passed": true}, "19": {"execution_time": 0.4490194320678711, "passed": true}, "20": {"execution_time": 0.49097371101379395, "passed": true}, "21": {"execution_time": 0.4266204833984375, "passed": true}, "22": {"execution_time": 0.4284496307373047, "passed": true}, "23": {"execution_time": 0.45718836784362793, "passed": true}, "24": {"execution_time": 0.2865004539489746, "passed": true}, "25": {"execution_time": 1.6129298210144043, "passed": true}, "26": {"execution_time": 1.1724159717559814, "passed": true}, "27": {"execution_time": 1.6326754093170166, "passed": true}, "28": {"execution_time": 2.735917329788208, "passed": true}, "29": {"execution_time": 0.25391387939453125, "passed": true}}}, "check_style_score": "0/1"}