{"version": "1", "message": "ERROR: Hidden Testcases server unreachable.", "problem_id": "ads2_m16_a1_1", "user_id": "madhurimukund97", "score": {"sample": {"0": {"execution_time": 0.4044656753540039, "passed": true}, "1": {"execution_time": 0.3189077377319336, "passed": true}, "2": {"execution_time": 0.844632625579834, "passed": true}, "3": {"execution_time": 1.0645160675048828, "passed": true}, "4": {"execution_time": 1.0276927947998047, "passed": true}, "5": {"execution_time": 0.9100916385650635, "passed": true}, "6": {"execution_time": 0.9374868869781494, "passed": true}, "7": {"execution_time": 0.868532657623291, "passed": true}, "8": {"execution_time": 0.49646568298339844, "passed": true}, "9": {"execution_time": 0.8372766971588135, "passed": true}, "10": {"execution_time": 1.2299087047576904, "passed": true}, "11": {"execution_time": 5.047335386276245, "passed": true}, "12": {"execution_time": 0.969771146774292, "passed": true}, "13": {"execution_time": 0.33933210372924805, "passed": true}, "14": {"execution_time": 0.9392514228820801, "passed": true}, "15": {"execution_time": 0.9336667060852051, "passed": true}, "16": {"execution_time": 0.45742297172546387, "passed": true}, "17": {"execution_time": 0.4383270740509033, "passed": true}, "18": {"execution_time": 0.611652135848999, "passed": true}, "19": {"execution_time": 0.4542074203491211, "passed": true}, "20": {"execution_time": 0.4823319911956787, "passed": true}, "21": {"execution_time": 0.41702795028686523, "passed": true}, "22": {"execution_time": 0.4175574779510498, "passed": true}, "23": {"execution_time": 0.38416171073913574, "passed": true}, "24": {"execution_time": 0.2549858093261719, "passed": true}, "25": {"execution_time": 0.8798067569732666, "passed": true}, "26": {"execution_time": 0.7772111892700195, "passed": true}, "27": {"execution_time": 0.8631057739257812, "passed": true}, "28": {"execution_time": 1.5340924263000488, "passed": true}, "29": {"execution_time": 0.36285829544067383, "passed": true}}}, "check_style_score": "0/1"}