{"version": "1", "message": "ERROR: Hidden Testcases server unreachable.", "problem_id": "ads2_m16_a1_1", "user_id": "madhurimukund97", "score": {"sample": {"0": {"execution_time": 0.25270652770996094, "passed": false}, "1": {"execution_time": 0.25980377197265625, "passed": false}, "2": {"execution_time": 0.49309468269348145, "passed": false}, "3": {"execution_time": 0.47910428047180176, "passed": false}, "4": {"execution_time": 0.529688835144043, "passed": false}, "5": {"execution_time": 0.47814059257507324, "passed": false}, "6": {"execution_time": 0.5900428295135498, "passed": false}, "7": {"execution_time": 0.513108491897583, "passed": false}, "8": {"execution_time": 0.36801624298095703, "passed": false}, "9": {"execution_time": 0.4844355583190918, "passed": false}, "10": {"execution_time": 0.531538724899292, "passed": false}, "11": {"execution_time": 0.2329270839691162, "passed": false}, "12": {"execution_time": 0.6066641807556152, "passed": false}, "13": {"execution_time": 0.25936126708984375, "passed": false}, "14": {"execution_time": 0.47873544692993164, "passed": false}, "15": {"execution_time": 0.5392470359802246, "passed": false}, "16": {"execution_time": 0.2893097400665283, "passed": false}, "17": {"execution_time": 0.2968907356262207, "passed": false}, "18": {"execution_time": 0.339771032333374, "passed": false}, "19": {"execution_time": 0.3610711097717285, "passed": false}, "20": {"execution_time": 0.3064157962799072, "passed": false}, "21": {"execution_time": 0.29461669921875, "passed": false}, "22": {"execution_time": 0.29016780853271484, "passed": false}, "23": {"execution_time": 0.4260678291320801, "passed": false}, "24": {"execution_time": 0.2266397476196289, "passed": false}, "25": {"execution_time": 0.5209813117980957, "passed": false}, "26": {"execution_time": 0.555307149887085, "passed": false}, "27": {"execution_time": 0.5335407257080078, "passed": false}, "28": {"execution_time": 0.5988903045654297, "passed": false}, "29": {"execution_time": 0.2462918758392334, "passed": true}}}, "check_style_score": "0/1"}