{"version": "1", "message": "ERROR: Hidden Testcases server unreachable.", "problem_id": "ads2_m16_a1_1", "user_id": "madhurimukund97", "score": {"sample": {"0": {"execution_time": 0.2940809726715088, "passed": false}, "1": {"execution_time": 0.25279879570007324, "passed": false}, "2": {"execution_time": 0.5008790493011475, "passed": false}, "3": {"execution_time": 0.4625990390777588, "passed": false}, "4": {"execution_time": 0.48039889335632324, "passed": false}, "5": {"execution_time": 0.466400146484375, "passed": false}, "6": {"execution_time": 0.4844479560852051, "passed": false}, "7": {"execution_time": 0.48336029052734375, "passed": false}, "8": {"execution_time": 0.30760812759399414, "passed": false}, "9": {"execution_time": 0.47795605659484863, "passed": false}, "10": {"execution_time": 0.5177814960479736, "passed": false}, "11": {"execution_time": 0.2189953327178955, "passed": false}, "12": {"execution_time": 0.5615835189819336, "passed": false}, "13": {"execution_time": 0.2434225082397461, "passed": false}, "14": {"execution_time": 0.46781253814697266, "passed": false}, "15": {"execution_time": 0.4634394645690918, "passed": false}, "16": {"execution_time": 0.327648401260376, "passed": false}, "17": {"execution_time": 0.31321072578430176, "passed": false}, "18": {"execution_time": 0.378983736038208, "passed": false}, "19": {"execution_time": 0.32361292839050293, "passed": false}, "20": {"execution_time": 0.3212425708770752, "passed": false}, "21": {"execution_time": 0.3283529281616211, "passed": false}, "22": {"execution_time": 0.3507993221282959, "passed": false}, "23": {"execution_time": 0.37578439712524414, "passed": false}, "24": {"execution_time": 0.22188568115234375, "passed": false}, "25": {"execution_time": 0.4965193271636963, "passed": false}, "26": {"execution_time": 0.45459818840026855, "passed": false}, "27": {"execution_time": 0.5084414482116699, "passed": false}, "28": {"execution_time": 0.6210222244262695, "passed": false}, "29": {"execution_time": 0.27499818801879883, "passed": true}}}, "check_style_score": "0/1"}