{"version": "1", "message": "ERROR: Hidden Testcases server unreachable.", "problem_id": "ads2_m16_a1_1", "user_id": "madhurimukund97", "score": {"sample": {"0": {"execution_time": 0.3211824893951416, "passed": false}, "1": {"execution_time": 0.3067436218261719, "passed": false}, "2": {"execution_time": 0.6314182281494141, "passed": false}, "3": {"execution_time": 0.524677038192749, "passed": false}, "4": {"execution_time": 0.46468663215637207, "passed": false}, "5": {"execution_time": 0.4976348876953125, "passed": false}, "6": {"execution_time": 0.5243961811065674, "passed": false}, "7": {"execution_time": 0.4781339168548584, "passed": false}, "8": {"execution_time": 0.29116225242614746, "passed": false}, "9": {"execution_time": 0.7310526371002197, "passed": false}, "10": {"execution_time": 1.33524489402771, "passed": true}, "11": {"execution_time": 4.885694742202759, "passed": true}, "12": {"execution_time": 0.9125199317932129, "passed": true}, "13": {"execution_time": 0.5635533332824707, "passed": true}, "14": {"execution_time": 0.8688995838165283, "passed": true}, "15": {"execution_time": 0.8080377578735352, "passed": true}, "16": {"execution_time": 0.3853743076324463, "passed": true}, "17": {"execution_time": 0.3735978603363037, "passed": true}, "18": {"execution_time": 0.3827550411224365, "passed": true}, "19": {"execution_time": 0.5602822303771973, "passed": true}, "20": {"execution_time": 0.41629743576049805, "passed": true}, "21": {"execution_time": 0.4507906436920166, "passed": true}, "22": {"execution_time": 0.4863412380218506, "passed": true}, "23": {"execution_time": 0.4181671142578125, "passed": true}, "24": {"execution_time": 0.2814762592315674, "passed": true}, "25": {"execution_time": 0.851691484451294, "passed": true}, "26": {"execution_time": 0.6838521957397461, "passed": true}, "27": {"execution_time": 0.9477996826171875, "passed": true}, "28": {"execution_time": 1.4143786430358887, "passed": true}, "29": {"execution_time": 0.2611668109893799, "passed": false}}}, "check_style_score": "0/1"}