{"version": "1", "message": "ERROR: Hidden Testcases server unreachable.", "problem_id": "ads2_m16_a1_1", "user_id": "madhurimukund97", "score": {"sample": {"0": {"execution_time": 0.28174829483032227, "passed": false}, "1": {"execution_time": 0.27208375930786133, "passed": false}, "2": {"execution_time": 0.47816038131713867, "passed": false}, "3": {"execution_time": 0.48546910285949707, "passed": false}, "4": {"execution_time": 0.4998764991760254, "passed": false}, "5": {"execution_time": 0.7429060935974121, "passed": false}, "6": {"execution_time": 0.48824357986450195, "passed": false}, "7": {"execution_time": 0.47404050827026367, "passed": false}, "8": {"execution_time": 0.4470651149749756, "passed": false}, "9": {"execution_time": 0.5762231349945068, "passed": false}, "10": {"execution_time": 0.47820615768432617, "passed": false}, "11": {"execution_time": 0.24676012992858887, "passed": false}, "12": {"execution_time": 0.4431631565093994, "passed": false}, "13": {"execution_time": 0.2602057456970215, "passed": false}, "14": {"execution_time": 0.47998785972595215, "passed": false}, "15": {"execution_time": 0.4802844524383545, "passed": false}, "16": {"execution_time": 0.35243988037109375, "passed": false}, "17": {"execution_time": 0.29025816917419434, "passed": false}, "18": {"execution_time": 0.2982146739959717, "passed": false}, "19": {"execution_time": 0.2893373966217041, "passed": false}, "20": {"execution_time": 0.3087944984436035, "passed": false}, "21": {"execution_time": 0.3067457675933838, "passed": false}, "22": {"execution_time": 0.3234734535217285, "passed": false}, "23": {"execution_time": 0.29505109786987305, "passed": false}, "24": {"execution_time": 0.27684998512268066, "passed": false}, "25": {"execution_time": 0.5590188503265381, "passed": false}, "26": {"execution_time": 0.39807724952697754, "passed": false}, "27": {"execution_time": 0.46303725242614746, "passed": false}, "28": {"execution_time": 0.6499333381652832, "passed": false}, "29": {"execution_time": 0.26250243186950684, "passed": true}}}, "check_style_score": "0/1"}