{"version": "1", "message": "ERROR: Hidden Testcases server unreachable.", "problem_id": "ads2_m16_a1_1", "user_id": "madhurimukund97", "score": {"sample": {"0": {"execution_time": 0.41136908531188965, "passed": false}, "1": {"execution_time": 0.24215030670166016, "passed": false}, "2": {"execution_time": 0.5004103183746338, "passed": false}, "3": {"execution_time": 0.4650704860687256, "passed": false}, "4": {"execution_time": 0.49413037300109863, "passed": false}, "5": {"execution_time": 0.5248706340789795, "passed": false}, "6": {"execution_time": 0.4977107048034668, "passed": false}, "7": {"execution_time": 0.5435607433319092, "passed": false}, "8": {"execution_time": 0.29365992546081543, "passed": false}, "9": {"execution_time": 0.4788401126861572, "passed": false}, "10": {"execution_time": 0.47756028175354004, "passed": false}, "11": {"execution_time": 0.8521180152893066, "passed": false}, "12": {"execution_time": 0.49552083015441895, "passed": false}, "13": {"execution_time": 0.2293705940246582, "passed": false}, "14": {"execution_time": 0.4932098388671875, "passed": false}, "15": {"execution_time": 0.4637444019317627, "passed": false}, "16": {"execution_time": 0.34672093391418457, "passed": false}, "17": {"execution_time": 0.333507776260376, "passed": false}, "18": {"execution_time": 0.34598684310913086, "passed": false}, "19": {"execution_time": 0.2789580821990967, "passed": false}, "20": {"execution_time": 0.2921576499938965, "passed": false}, "21": {"execution_time": 0.2910740375518799, "passed": false}, "22": {"execution_time": 0.33884310722351074, "passed": false}, "23": {"execution_time": 0.2906148433685303, "passed": false}, "24": {"execution_time": 0.201080322265625, "passed": false}, "25": {"execution_time": 0.46708178520202637, "passed": false}, "26": {"execution_time": 0.45060276985168457, "passed": false}, "27": {"execution_time": 0.5048036575317383, "passed": false}, "28": {"execution_time": 0.6235687732696533, "passed": false}, "29": {"execution_time": 0.26843810081481934, "passed": false}}}, "check_style_score": "0/1"}