{"version": "1", "message": "ERROR: Hidden Testcases server unreachable.", "problem_id": "ads2_m16_a1_1", "user_id": "madhurimukund97", "score": {"sample": {"0": {"execution_time": 0.3218109607696533, "passed": true}, "1": {"execution_time": 0.3536717891693115, "passed": true}, "2": {"execution_time": 1.6793949604034424, "passed": true}, "3": {"execution_time": 1.606281042098999, "passed": true}, "4": {"execution_time": 1.5952250957489014, "passed": true}, "5": {"execution_time": 1.5858869552612305, "passed": true}, "6": {"execution_time": 1.6172609329223633, "passed": true}, "7": {"execution_time": 1.3824081420898438, "passed": true}, "8": {"execution_time": 0.4540858268737793, "passed": true}, "9": {"execution_time": 1.5588676929473877, "passed": true}, "10": {"execution_time": 1.5971548557281494, "passed": true}, "11": {"execution_time": 4.649134874343872, "passed": true}, "12": {"execution_time": 1.6812376976013184, "passed": true}, "13": {"execution_time": 0.29218220710754395, "passed": true}, "14": {"execution_time": 1.6963779926300049, "passed": true}, "15": {"execution_time": 1.6488404273986816, "passed": true}, "16": {"execution_time": 0.45269250869750977, "passed": true}, "17": {"execution_time": 0.4851963520050049, "passed": true}, "18": {"execution_time": 0.43419861793518066, "passed": true}, "19": {"execution_time": 0.45301127433776855, "passed": true}, "20": {"execution_time": 0.4785141944885254, "passed": true}, "21": {"execution_time": 0.4191877841949463, "passed": true}, "22": {"execution_time": 0.4481329917907715, "passed": true}, "23": {"execution_time": 0.44803929328918457, "passed": true}, "24": {"execution_time": 0.2659769058227539, "passed": true}, "25": {"execution_time": 1.6251423358917236, "passed": true}, "26": {"execution_time": 1.2364323139190674, "passed": true}, "27": {"execution_time": 1.6888988018035889, "passed": true}, "28": {"execution_time": 2.7070839405059814, "passed": true}, "29": {"execution_time": 0.289884090423584, "passed": true}}}, "check_style_score": "0/1"}