{"version": "1", "message": "ERROR: Hidden Testcases server unreachable.", "problem_id": "ads2_m16_a1_1", "user_id": "madhurimukund97", "score": {"sample": {"0": {"execution_time": 0.26718997955322266, "passed": false}, "1": {"execution_time": 0.2967195510864258, "passed": false}, "2": {"execution_time": 0.4987790584564209, "passed": false}, "3": {"execution_time": 0.46012020111083984, "passed": false}, "4": {"execution_time": 0.47101926803588867, "passed": false}, "5": {"execution_time": 0.45850682258605957, "passed": false}, "6": {"execution_time": 0.46076035499572754, "passed": false}, "7": {"execution_time": 0.5262322425842285, "passed": false}, "8": {"execution_time": 0.31600403785705566, "passed": false}, "9": {"execution_time": 0.47093939781188965, "passed": false}, "10": {"execution_time": 0.4623229503631592, "passed": false}, "11": {"execution_time": 0.22439861297607422, "passed": false}, "12": {"execution_time": 0.600245475769043, "passed": false}, "13": {"execution_time": 0.30788612365722656, "passed": false}, "14": {"execution_time": 0.5588212013244629, "passed": false}, "15": {"execution_time": 0.5067899227142334, "passed": false}, "16": {"execution_time": 0.30025649070739746, "passed": false}, "17": {"execution_time": 0.310070276260376, "passed": false}, "18": {"execution_time": 0.3140890598297119, "passed": false}, "19": {"execution_time": 0.30711889266967773, "passed": false}, "20": {"execution_time": 0.3075268268585205, "passed": false}, "21": {"execution_time": 0.3119068145751953, "passed": false}, "22": {"execution_time": 0.3188169002532959, "passed": false}, "23": {"execution_time": 0.34580183029174805, "passed": false}, "24": {"execution_time": 0.2221851348876953, "passed": false}, "25": {"execution_time": 0.4623889923095703, "passed": false}, "26": {"execution_time": 0.5075106620788574, "passed": false}, "27": {"execution_time": 0.5295536518096924, "passed": false}, "28": {"execution_time": 0.5943717956542969, "passed": false}, "29": {"execution_time": 0.2728750705718994, "passed": true}}}, "check_style_score": "0/1"}