{"version": "1", "message": "ERROR: Hidden Testcases server unreachable.", "problem_id": "ads2_m16_a1_1", "user_id": "madhurimukund97", "score": {"sample": {"0": {"execution_time": 0.28602004051208496, "passed": false}, "1": {"execution_time": 0.25784993171691895, "passed": false}, "2": {"execution_time": 0.44971489906311035, "passed": false}, "3": {"execution_time": 0.5139894485473633, "passed": false}, "4": {"execution_time": 0.4765760898590088, "passed": false}, "5": {"execution_time": 0.4643874168395996, "passed": false}, "6": {"execution_time": 0.44985127449035645, "passed": false}, "7": {"execution_time": 0.4644932746887207, "passed": false}, "8": {"execution_time": 0.28668975830078125, "passed": false}, "9": {"execution_time": 0.4501471519470215, "passed": false}, "10": {"execution_time": 0.45301270484924316, "passed": false}, "11": {"execution_time": 0.21301054954528809, "passed": false}, "12": {"execution_time": 0.4495809078216553, "passed": false}, "13": {"execution_time": 0.2292473316192627, "passed": false}, "14": {"execution_time": 0.46320223808288574, "passed": false}, "15": {"execution_time": 0.4609980583190918, "passed": false}, "16": {"execution_time": 0.27922940254211426, "passed": false}, "17": {"execution_time": 0.2780780792236328, "passed": false}, "18": {"execution_time": 0.3985135555267334, "passed": false}, "19": {"execution_time": 0.2702155113220215, "passed": false}, "20": {"execution_time": 0.28908872604370117, "passed": false}, "21": {"execution_time": 0.301422119140625, "passed": false}, "22": {"execution_time": 0.28934645652770996, "passed": false}, "23": {"execution_time": 0.9329214096069336, "passed": false}, "24": {"execution_time": 0.5125010013580322, "passed": false}, "25": {"execution_time": 0.8619363307952881, "passed": false}, "26": {"execution_time": 0.7262330055236816, "passed": false}, "27": {"execution_time": 0.7013449668884277, "passed": false}, "28": {"execution_time": 0.5911893844604492, "passed": false}, "29": {"execution_time": 0.27744603157043457, "passed": false}}}, "check_style_score": "0/1"}