{"version": "1", "message": "ERROR: Hidden Testcases server unreachable.", "problem_id": "ads2_m16_a1_1", "user_id": "madhurimukund97", "score": {"sample": {"0": {"execution_time": 0.2940042018890381, "passed": false}, "1": {"execution_time": 0.27341651916503906, "passed": false}, "2": {"execution_time": 0.4428591728210449, "passed": false}, "3": {"execution_time": 0.47217822074890137, "passed": false}, "4": {"execution_time": 0.5577273368835449, "passed": false}, "5": {"execution_time": 0.5030093193054199, "passed": false}, "6": {"execution_time": 0.46023035049438477, "passed": false}, "7": {"execution_time": 0.560316801071167, "passed": false}, "8": {"execution_time": 0.404268741607666, "passed": false}, "9": {"execution_time": 0.45850133895874023, "passed": false}, "10": {"execution_time": 0.4760251045227051, "passed": false}, "11": {"execution_time": 0.2261648178100586, "passed": false}, "12": {"execution_time": 0.5102739334106445, "passed": false}, "13": {"execution_time": 0.2825150489807129, "passed": false}, "14": {"execution_time": 0.46573901176452637, "passed": false}, "15": {"execution_time": 0.4745216369628906, "passed": false}, "16": {"execution_time": 0.2889838218688965, "passed": false}, "17": {"execution_time": 0.3209877014160156, "passed": false}, "18": {"execution_time": 0.3960392475128174, "passed": false}, "19": {"execution_time": 0.28005051612854004, "passed": false}, "20": {"execution_time": 0.3218412399291992, "passed": false}, "21": {"execution_time": 0.3219790458679199, "passed": false}, "22": {"execution_time": 0.611872673034668, "passed": false}, "23": {"execution_time": 0.3279693126678467, "passed": false}, "24": {"execution_time": 0.24248003959655762, "passed": false}, "25": {"execution_time": 0.5100448131561279, "passed": false}, "26": {"execution_time": 0.42714691162109375, "passed": false}, "27": {"execution_time": 0.525519609451294, "passed": false}, "28": {"execution_time": 0.5904631614685059, "passed": false}, "29": {"execution_time": 0.2878239154815674, "passed": true}}}, "check_style_score": "0/1"}