{"version": "1", "message": "ERROR: Hidden Testcases server unreachable.", "problem_id": "ads2_m16_a1_1", "user_id": "madhurimukund97", "score": {"sample": {"0": {"execution_time": 0.30573534965515137, "passed": false}, "1": {"execution_time": 0.24576115608215332, "passed": false}, "2": {"execution_time": 0.475147008895874, "passed": false}, "3": {"execution_time": 0.46541476249694824, "passed": false}, "4": {"execution_time": 0.46060967445373535, "passed": false}, "5": {"execution_time": 0.5250723361968994, "passed": false}, "6": {"execution_time": 0.5472769737243652, "passed": false}, "7": {"execution_time": 0.5264241695404053, "passed": false}, "8": {"execution_time": 0.3056008815765381, "passed": false}, "9": {"execution_time": 0.4759373664855957, "passed": false}, "10": {"execution_time": 0.4817662239074707, "passed": false}, "11": {"execution_time": 0.23019695281982422, "passed": false}, "12": {"execution_time": 0.45763134956359863, "passed": false}, "13": {"execution_time": 0.23160719871520996, "passed": false}, "14": {"execution_time": 0.4773900508880615, "passed": false}, "15": {"execution_time": 0.7125179767608643, "passed": false}, "16": {"execution_time": 0.30481815338134766, "passed": false}, "17": {"execution_time": 0.294710636138916, "passed": false}, "18": {"execution_time": 0.325390100479126, "passed": false}, "19": {"execution_time": 0.2933971881866455, "passed": false}, "20": {"execution_time": 0.2779362201690674, "passed": false}, "21": {"execution_time": 0.3376002311706543, "passed": false}, "22": {"execution_time": 0.3245530128479004, "passed": false}, "23": {"execution_time": 0.3816516399383545, "passed": false}, "24": {"execution_time": 0.23784685134887695, "passed": false}, "25": {"execution_time": 0.6360342502593994, "passed": false}, "26": {"execution_time": 0.4172189235687256, "passed": false}, "27": {"execution_time": 0.4832487106323242, "passed": false}, "28": {"execution_time": 0.634706974029541, "passed": false}, "29": {"execution_time": 0.2655644416809082, "passed": false}}}, "check_style_score": "0/1"}