{"version": "1", "message": "ERROR: Hidden Testcases server unreachable.", "problem_id": "ads2_m16_a1_1", "user_id": "madhurimukund97", "score": {"sample": {"0": {"execution_time": 0.41909146308898926, "passed": true}, "1": {"execution_time": 0.4232931137084961, "passed": true}, "2": {"execution_time": 0.8268766403198242, "passed": true}, "3": {"execution_time": 0.8584442138671875, "passed": true}, "4": {"execution_time": 0.8818223476409912, "passed": true}, "5": {"execution_time": 0.9323699474334717, "passed": true}, "6": {"execution_time": 0.8626401424407959, "passed": true}, "7": {"execution_time": 0.8458144664764404, "passed": true}, "8": {"execution_time": 0.4183330535888672, "passed": true}, "9": {"execution_time": 0.8476340770721436, "passed": true}, "10": {"execution_time": 0.8504371643066406, "passed": true}, "11": {"execution_time": 5.086023330688477, "passed": true}, "12": {"execution_time": 0.9601786136627197, "passed": true}, "13": {"execution_time": 0.34297990798950195, "passed": true}, "14": {"execution_time": 0.9928779602050781, "passed": true}, "15": {"execution_time": 1.2051846981048584, "passed": true}, "16": {"execution_time": 0.5445647239685059, "passed": true}, "17": {"execution_time": 0.5295507907867432, "passed": true}, "18": {"execution_time": 0.3917734622955322, "passed": true}, "19": {"execution_time": 0.4203145503997803, "passed": true}, "20": {"execution_time": 0.4850044250488281, "passed": true}, "21": {"execution_time": 0.41597414016723633, "passed": true}, "22": {"execution_time": 0.39452576637268066, "passed": true}, "23": {"execution_time": 0.44872546195983887, "passed": true}, "24": {"execution_time": 0.4624323844909668, "passed": true}, "25": {"execution_time": 0.9024960994720459, "passed": true}, "26": {"execution_time": 0.7279934883117676, "passed": true}, "27": {"execution_time": 1.0678975582122803, "passed": true}, "28": {"execution_time": 1.346855878829956, "passed": true}, "29": {"execution_time": 0.37899184226989746, "passed": true}}}, "check_style_score": "0/1"}