{"version": "1", "message": "ERROR: Hidden Testcases server unreachable.", "problem_id": "ads2_m16_a1_1", "user_id": "madhurimukund97", "score": {"sample": {"0": {"execution_time": 0.6530964374542236, "passed": false}, "1": {"execution_time": 0.2744581699371338, "passed": false}, "2": {"execution_time": 0.5718705654144287, "passed": false}, "3": {"execution_time": 0.46127963066101074, "passed": false}, "4": {"execution_time": 0.45996618270874023, "passed": false}, "5": {"execution_time": 0.4703493118286133, "passed": false}, "6": {"execution_time": 0.4681687355041504, "passed": false}, "7": {"execution_time": 0.46367454528808594, "passed": false}, "8": {"execution_time": 0.30931806564331055, "passed": false}, "9": {"execution_time": 0.480649471282959, "passed": false}, "10": {"execution_time": 0.4567830562591553, "passed": false}, "11": {"execution_time": 0.21222543716430664, "passed": false}, "12": {"execution_time": 0.4894585609436035, "passed": false}, "13": {"execution_time": 0.24481725692749023, "passed": false}, "14": {"execution_time": 0.47703027725219727, "passed": false}, "15": {"execution_time": 0.44843459129333496, "passed": false}, "16": {"execution_time": 0.3083481788635254, "passed": false}, "17": {"execution_time": 0.2999875545501709, "passed": false}, "18": {"execution_time": 0.3065216541290283, "passed": false}, "19": {"execution_time": 0.3079946041107178, "passed": false}, "20": {"execution_time": 0.2925987243652344, "passed": false}, "21": {"execution_time": 0.3053138256072998, "passed": false}, "22": {"execution_time": 0.3060591220855713, "passed": false}, "23": {"execution_time": 0.2612614631652832, "passed": false}, "24": {"execution_time": 0.22858190536499023, "passed": false}, "25": {"execution_time": 0.4652869701385498, "passed": false}, "26": {"execution_time": 0.4041273593902588, "passed": false}, "27": {"execution_time": 0.4618842601776123, "passed": false}, "28": {"execution_time": 0.6725254058837891, "passed": false}, "29": {"execution_time": 0.41249608993530273, "passed": false}}}, "check_style_score": "0/1"}