{"version": "1", "message": "ERROR: Hidden Testcases server unreachable.", "problem_id": "ads2_m16_a1_1", "user_id": "madhurimukund97", "score": {"sample": {"0": {"execution_time": 0.26444244384765625, "passed": false}, "1": {"execution_time": 0.2966420650482178, "passed": false}, "2": {"execution_time": 0.47045326232910156, "passed": false}, "3": {"execution_time": 0.4812641143798828, "passed": false}, "4": {"execution_time": 0.4865901470184326, "passed": false}, "5": {"execution_time": 0.4672820568084717, "passed": false}, "6": {"execution_time": 0.49063825607299805, "passed": false}, "7": {"execution_time": 0.46065545082092285, "passed": false}, "8": {"execution_time": 0.2979724407196045, "passed": false}, "9": {"execution_time": 0.470745325088501, "passed": false}, "10": {"execution_time": 0.48525309562683105, "passed": false}, "11": {"execution_time": 0.22810053825378418, "passed": false}, "12": {"execution_time": 0.4679129123687744, "passed": false}, "13": {"execution_time": 0.3772435188293457, "passed": false}, "14": {"execution_time": 0.48581552505493164, "passed": false}, "15": {"execution_time": 0.5164408683776855, "passed": false}, "16": {"execution_time": 0.2857534885406494, "passed": false}, "17": {"execution_time": 0.3530080318450928, "passed": false}, "18": {"execution_time": 0.31264162063598633, "passed": false}, "19": {"execution_time": 0.3706979751586914, "passed": false}, "20": {"execution_time": 0.297501802444458, "passed": false}, "21": {"execution_time": 0.3375742435455322, "passed": false}, "22": {"execution_time": 0.32956504821777344, "passed": false}, "23": {"execution_time": 0.32187914848327637, "passed": false}, "24": {"execution_time": 0.21655607223510742, "passed": false}, "25": {"execution_time": 0.48216748237609863, "passed": false}, "26": {"execution_time": 0.4476463794708252, "passed": false}, "27": {"execution_time": 0.46558237075805664, "passed": false}, "28": {"execution_time": 0.5839810371398926, "passed": false}, "29": {"execution_time": 0.26412105560302734, "passed": true}}}, "check_style_score": "0/1"}