{"version": "1", "message": "ERROR: Hidden Testcases server unreachable.", "problem_id": "ads2_m16_a1_1", "user_id": "madhurimukund97", "score": {"sample": {"0": {"execution_time": 0.3266007900238037, "passed": true}, "1": {"execution_time": 0.3556098937988281, "passed": true}, "2": {"execution_time": 1.649404525756836, "passed": true}, "3": {"execution_time": 1.6478726863861084, "passed": true}, "4": {"execution_time": 1.8204138278961182, "passed": true}, "5": {"execution_time": 1.614760160446167, "passed": true}, "6": {"execution_time": 1.6290404796600342, "passed": true}, "7": {"execution_time": 1.6654109954833984, "passed": true}, "8": {"execution_time": 0.4562795162200928, "passed": true}, "9": {"execution_time": 1.5811197757720947, "passed": true}, "10": {"execution_time": 1.6043641567230225, "passed": true}, "11": {"execution_time": 4.7802414894104, "passed": true}, "12": {"execution_time": 1.8185758590698242, "passed": true}, "13": {"execution_time": 0.3054473400115967, "passed": true}, "14": {"execution_time": 1.6585299968719482, "passed": true}, "15": {"execution_time": 1.7090296745300293, "passed": true}, "16": {"execution_time": 0.4657447338104248, "passed": true}, "17": {"execution_time": 0.4382290840148926, "passed": true}, "18": {"execution_time": 0.43358349800109863, "passed": true}, "19": {"execution_time": 0.44264912605285645, "passed": true}, "20": {"execution_time": 0.4842982292175293, "passed": true}, "21": {"execution_time": 0.473569393157959, "passed": true}, "22": {"execution_time": 0.45035696029663086, "passed": true}, "23": {"execution_time": 0.525536060333252, "passed": true}, "24": {"execution_time": 0.27552294731140137, "passed": true}, "25": {"execution_time": 1.7767093181610107, "passed": true}, "26": {"execution_time": 1.5419819355010986, "passed": true}, "27": {"execution_time": 1.6507542133331299, "passed": true}, "28": {"execution_time": 3.1581578254699707, "passed": true}, "29": {"execution_time": 0.2609238624572754, "passed": true}}}, "check_style_score": "1/1"}