{"version": "1", "message": "ERROR: Hidden Testcases server unreachable.", "problem_id": "ads2_m16_a1_1", "user_id": "madhurimukund97", "score": {"sample": {"0": {"execution_time": 0.3660147190093994, "passed": false}, "1": {"execution_time": 0.3241922855377197, "passed": false}, "2": {"execution_time": 0.4779176712036133, "passed": false}, "3": {"execution_time": 0.4679396152496338, "passed": false}, "4": {"execution_time": 0.48153018951416016, "passed": false}, "5": {"execution_time": 0.4562849998474121, "passed": false}, "6": {"execution_time": 0.4616260528564453, "passed": false}, "7": {"execution_time": 0.4572577476501465, "passed": false}, "8": {"execution_time": 0.2940330505371094, "passed": false}, "9": {"execution_time": 0.4842710494995117, "passed": false}, "10": {"execution_time": 0.5087697505950928, "passed": false}, "11": {"execution_time": 0.3112008571624756, "passed": false}, "12": {"execution_time": 0.5512018203735352, "passed": false}, "13": {"execution_time": 0.2442004680633545, "passed": false}, "14": {"execution_time": 0.5091285705566406, "passed": false}, "15": {"execution_time": 0.5107078552246094, "passed": false}, "16": {"execution_time": 0.40776562690734863, "passed": false}, "17": {"execution_time": 0.30899596214294434, "passed": false}, "18": {"execution_time": 0.3997802734375, "passed": false}, "19": {"execution_time": 0.3080761432647705, "passed": false}, "20": {"execution_time": 0.31314587593078613, "passed": false}, "21": {"execution_time": 0.3179471492767334, "passed": false}, "22": {"execution_time": 0.3445565700531006, "passed": false}, "23": {"execution_time": 0.33438897132873535, "passed": false}, "24": {"execution_time": 0.21174073219299316, "passed": false}, "25": {"execution_time": 0.45920395851135254, "passed": false}, "26": {"execution_time": 0.41089725494384766, "passed": false}, "27": {"execution_time": 0.4593377113342285, "passed": false}, "28": {"execution_time": 0.5881562232971191, "passed": false}, "29": {"execution_time": 0.284224271774292, "passed": true}}}, "check_style_score": "0/1"}