{"version": "1", "message": "ERROR: Hidden Testcases server unreachable.", "problem_id": "ads2_m6_a1_1", "user_id": "madhurimukund97", "score": {"sample": {"0": {"execution_time": 0.26450181007385254, "passed": false}, "1": {"execution_time": 0.2610137462615967, "passed": false}, "2": {"execution_time": 0.24476361274719238, "passed": false}, "3": {"execution_time": 0.24047565460205078, "passed": false}, "4": {"execution_time": 0.23137545585632324, "passed": false}, "5": {"execution_time": 0.2583787441253662, "passed": false}, "6": {"execution_time": 0.24408197402954102, "passed": false}, "7": {"execution_time": 0.2916131019592285, "passed": false}, "8": {"execution_time": 0.23064684867858887, "passed": false}, "9": {"execution_time": 0.24231767654418945, "passed": false}, "10": {"execution_time": 0.33892250061035156, "passed": false}, "11": {"execution_time": 0.39936208724975586, "passed": false}}}, "check_style_score": "0/1"}