{"version": "1", "message": "ERROR: Hidden Testcases server unreachable.", "problem_id": "ads2_m6_a1_1", "user_id": "madhurimukund97", "score": {"sample": {"0": {"execution_time": 0.2766134738922119, "passed": false}, "1": {"execution_time": 0.3074758052825928, "passed": false}, "2": {"execution_time": 0.2983107566833496, "passed": false}, "3": {"execution_time": 0.28714680671691895, "passed": false}, "4": {"execution_time": 0.3890979290008545, "passed": false}, "5": {"execution_time": 0.272568941116333, "passed": false}, "6": {"execution_time": 0.27173423767089844, "passed": false}, "7": {"execution_time": 0.2823812961578369, "passed": false}, "8": {"execution_time": 0.2908666133880615, "passed": false}, "9": {"execution_time": 0.26752257347106934, "passed": false}, "10": {"execution_time": 0.2697939872741699, "passed": false}, "11": {"execution_time": 0.2852823734283447, "passed": false}}}, "check_style_score": "0/1"}