{"version": "1", "message": "ERROR: Hidden Testcases server unreachable.", "problem_id": "ads2_m6_a1_1", "user_id": "madhurimukund97", "score": {"sample": {"0": {"execution_time": 0.29225659370422363, "passed": false}, "1": {"execution_time": 0.3085215091705322, "passed": false}, "2": {"execution_time": 0.28717041015625, "passed": false}, "3": {"execution_time": 0.32260870933532715, "passed": false}, "4": {"execution_time": 0.2931556701660156, "passed": false}, "5": {"execution_time": 0.3493514060974121, "passed": false}, "6": {"execution_time": 0.28977274894714355, "passed": false}, "7": {"execution_time": 0.2955949306488037, "passed": false}, "8": {"execution_time": 0.29207563400268555, "passed": false}, "9": {"execution_time": 0.27713513374328613, "passed": false}, "10": {"execution_time": 0.31334924697875977, "passed": false}, "11": {"execution_time": 0.30921173095703125, "passed": false}}}, "check_style_score": "0/1"}