{"version": "1", "message": "ERROR: Hidden Testcases server unreachable.", "problem_id": "ads2_m6_a1_1", "user_id": "madhurimukund97", "score": {"sample": {"0": {"execution_time": 0.23374271392822266, "passed": false}, "1": {"execution_time": 0.23323750495910645, "passed": false}, "2": {"execution_time": 0.25016212463378906, "passed": false}, "3": {"execution_time": 0.3943643569946289, "passed": false}, "4": {"execution_time": 0.23460125923156738, "passed": false}, "5": {"execution_time": 0.38778138160705566, "passed": false}, "6": {"execution_time": 0.2461693286895752, "passed": false}, "7": {"execution_time": 0.24410128593444824, "passed": false}, "8": {"execution_time": 0.23198366165161133, "passed": false}, "9": {"execution_time": 0.23964595794677734, "passed": false}, "10": {"execution_time": 0.2721827030181885, "passed": false}, "11": {"execution_time": 0.24693822860717773, "passed": false}}}, "check_style_score": "0/1"}