{"version": "1", "message": "ERROR: Hidden Testcases server unreachable.", "problem_id": "ads2_m6_a1_1", "user_id": "madhurimukund97", "score": {"sample": {"0": {"execution_time": 0.29782819747924805, "passed": false}, "1": {"execution_time": 0.3176918029785156, "passed": false}, "2": {"execution_time": 0.27612900733947754, "passed": false}, "3": {"execution_time": 0.28604841232299805, "passed": false}, "4": {"execution_time": 0.2593533992767334, "passed": false}, "5": {"execution_time": 0.2948479652404785, "passed": false}, "6": {"execution_time": 0.26158714294433594, "passed": false}, "7": {"execution_time": 0.29271650314331055, "passed": false}, "8": {"execution_time": 0.44062042236328125, "passed": false}, "9": {"execution_time": 0.307297945022583, "passed": false}, "10": {"execution_time": 0.2752492427825928, "passed": false}, "11": {"execution_time": 0.31914377212524414, "passed": false}}}, "check_style_score": "0/1"}