{"version": "1", "message": "ERROR: Hidden Testcases server unreachable.", "problem_id": "ads2_m6_a1_1", "user_id": "madhurimukund97", "score": {"sample": {"0": {"execution_time": 0.30913233757019043, "passed": false}, "1": {"execution_time": 0.28664207458496094, "passed": false}, "2": {"execution_time": 0.4434537887573242, "passed": false}, "3": {"execution_time": 0.28729844093322754, "passed": false}, "4": {"execution_time": 0.30604076385498047, "passed": false}, "5": {"execution_time": 0.4185795783996582, "passed": false}, "6": {"execution_time": 0.3008427619934082, "passed": true}, "7": {"execution_time": 0.3209397792816162, "passed": false}, "8": {"execution_time": 0.303098201751709, "passed": true}, "9": {"execution_time": 0.3066263198852539, "passed": false}, "10": {"execution_time": 0.27520322799682617, "passed": true}, "11": {"execution_time": 0.3014850616455078, "passed": false}}}, "check_style_score": "0/1"}