{"version": "1", "message": "ERROR: Hidden Testcases server unreachable.", "problem_id": "ads2_m6_a1_1", "user_id": "madhurimukund97", "score": {"sample": {"0": {"execution_time": 0.22712397575378418, "passed": false}, "1": {"execution_time": 0.24517464637756348, "passed": false}, "2": {"execution_time": 0.22911930084228516, "passed": false}, "3": {"execution_time": 0.2460477352142334, "passed": false}, "4": {"execution_time": 0.21548724174499512, "passed": false}, "5": {"execution_time": 0.24357342720031738, "passed": false}, "6": {"execution_time": 0.23211216926574707, "passed": false}, "7": {"execution_time": 0.3366408348083496, "passed": false}, "8": {"execution_time": 0.23060941696166992, "passed": false}, "9": {"execution_time": 0.2427535057067871, "passed": false}, "10": {"execution_time": 0.24291133880615234, "passed": false}, "11": {"execution_time": 0.29308247566223145, "passed": false}}}, "check_style_score": "0/1"}