{"version": "1", "message": "ERROR: Hidden Testcases server unreachable.", "problem_id": "ads2_m6_a1_1", "user_id": "madhurimukund97", "score": {"sample": {"0": {"execution_time": 0.2942361831665039, "passed": false}, "1": {"execution_time": 0.29323768615722656, "passed": false}, "2": {"execution_time": 0.291517972946167, "passed": false}, "3": {"execution_time": 0.319291353225708, "passed": false}, "4": {"execution_time": 0.265669584274292, "passed": false}, "5": {"execution_time": 0.30609869956970215, "passed": true}, "6": {"execution_time": 0.2984631061553955, "passed": true}, "7": {"execution_time": 0.2900111675262451, "passed": false}, "8": {"execution_time": 0.32105135917663574, "passed": true}, "9": {"execution_time": 0.29328346252441406, "passed": false}, "10": {"execution_time": 0.3020365238189697, "passed": true}, "11": {"execution_time": 0.3536858558654785, "passed": false}}}, "check_style_score": "0/1"}