{"version": "1", "message": "ERROR: Hidden Testcases server unreachable.", "problem_id": "ads2_m6_a1_1", "user_id": "madhurimukund97", "score": {"sample": {"0": {"execution_time": 0.30915069580078125, "passed": false}, "1": {"execution_time": 0.43332624435424805, "passed": false}, "2": {"execution_time": 0.537407636642456, "passed": false}, "3": {"execution_time": 0.30145716667175293, "passed": false}, "4": {"execution_time": 0.30837178230285645, "passed": false}, "5": {"execution_time": 0.305678129196167, "passed": false}, "6": {"execution_time": 0.27826523780822754, "passed": true}, "7": {"execution_time": 0.32161736488342285, "passed": false}, "8": {"execution_time": 0.45571398735046387, "passed": true}, "9": {"execution_time": 0.30502820014953613, "passed": false}, "10": {"execution_time": 0.2863893508911133, "passed": true}, "11": {"execution_time": 0.30611300468444824, "passed": false}}}, "check_style_score": "0/1"}