{"version": "1", "message": "ERROR: Hidden Testcases server unreachable.", "problem_id": "ads2_m6_a1_1", "user_id": "madhurimukund97", "score": {"sample": {"0": {"execution_time": 0.29212474822998047, "passed": false}, "1": {"execution_time": 0.22922229766845703, "passed": false}, "2": {"execution_time": 0.23215794563293457, "passed": false}, "3": {"execution_time": 0.2741372585296631, "passed": false}, "4": {"execution_time": 0.25875425338745117, "passed": false}, "5": {"execution_time": 0.24171090126037598, "passed": false}, "6": {"execution_time": 0.2471776008605957, "passed": false}, "7": {"execution_time": 0.22911977767944336, "passed": false}, "8": {"execution_time": 0.2164766788482666, "passed": false}, "9": {"execution_time": 0.21368408203125, "passed": false}, "10": {"execution_time": 0.2320384979248047, "passed": false}, "11": {"execution_time": 0.276874303817749, "passed": false}}}, "check_style_score": "0/1"}