{"version": "1", "message": "ERROR: Hidden Testcases server unreachable.", "problem_id": "ads2_m6_a1_1", "user_id": "madhurimukund97", "score": {"sample": {"0": {"execution_time": 0.29022669792175293, "passed": false}, "1": {"execution_time": 0.45769429206848145, "passed": false}, "2": {"execution_time": 0.4516439437866211, "passed": false}, "3": {"execution_time": 0.3835935592651367, "passed": false}, "4": {"execution_time": 0.39824914932250977, "passed": false}, "5": {"execution_time": 0.6844387054443359, "passed": false}, "6": {"execution_time": 0.3151540756225586, "passed": true}, "7": {"execution_time": 0.4176151752471924, "passed": false}, "8": {"execution_time": 0.41249513626098633, "passed": true}, "9": {"execution_time": 0.38392186164855957, "passed": false}, "10": {"execution_time": 0.4787275791168213, "passed": true}, "11": {"execution_time": 0.4311683177947998, "passed": false}}}, "check_style_score": "0/1"}