{"version": "1", "message": "ERROR: Hidden Testcases server unreachable.", "problem_id": "ads2_m6_a1_1", "user_id": "madhurimukund97", "score": {"sample": {"0": {"execution_time": 0.338167667388916, "passed": false}, "1": {"execution_time": 0.27886438369750977, "passed": false}, "2": {"execution_time": 0.27916836738586426, "passed": false}, "3": {"execution_time": 0.280686616897583, "passed": false}, "4": {"execution_time": 0.2787973880767822, "passed": false}, "5": {"execution_time": 0.3184034824371338, "passed": false}, "6": {"execution_time": 0.27727532386779785, "passed": false}, "7": {"execution_time": 0.34087467193603516, "passed": false}, "8": {"execution_time": 0.2915980815887451, "passed": false}, "9": {"execution_time": 0.29355382919311523, "passed": false}, "10": {"execution_time": 0.3249785900115967, "passed": false}, "11": {"execution_time": 0.3075568675994873, "passed": false}}}, "check_style_score": "0/1"}