{"version": "1", "message": "ERROR: Hidden Testcases server unreachable.", "problem_id": "ads2_m6_a1_1", "user_id": "madhurimukund97", "score": {"sample": {"0": {"execution_time": 0.2736992835998535, "passed": false}, "1": {"execution_time": 0.23070716857910156, "passed": false}, "2": {"execution_time": 0.3480260372161865, "passed": false}, "3": {"execution_time": 0.2760486602783203, "passed": false}, "4": {"execution_time": 0.2434520721435547, "passed": false}, "5": {"execution_time": 0.23467731475830078, "passed": false}, "6": {"execution_time": 0.4059021472930908, "passed": false}, "7": {"execution_time": 0.24929404258728027, "passed": false}, "8": {"execution_time": 0.24620580673217773, "passed": false}, "9": {"execution_time": 0.28341102600097656, "passed": false}, "10": {"execution_time": 0.23755359649658203, "passed": false}, "11": {"execution_time": 0.41261816024780273, "passed": false}}}, "check_style_score": "0/1"}