{"version": "1", "message": "ERROR: Hidden Testcases server unreachable.", "problem_id": "ads2_m6_a1_1", "user_id": "madhurimukund97", "score": {"sample": {"0": {"execution_time": 0.26890134811401367, "passed": false}, "1": {"execution_time": 0.23218417167663574, "passed": false}, "2": {"execution_time": 0.2557814121246338, "passed": false}, "3": {"execution_time": 0.23056364059448242, "passed": false}, "4": {"execution_time": 0.2477576732635498, "passed": false}, "5": {"execution_time": 0.2245800495147705, "passed": false}, "6": {"execution_time": 0.24602913856506348, "passed": false}, "7": {"execution_time": 0.24080419540405273, "passed": false}, "8": {"execution_time": 0.2585461139678955, "passed": false}, "9": {"execution_time": 0.23265957832336426, "passed": false}, "10": {"execution_time": 0.3525216579437256, "passed": false}, "11": {"execution_time": 0.29136204719543457, "passed": false}}}, "check_style_score": "0/1"}