{"version": "1", "message": "ERROR: Hidden Testcases server unreachable.", "problem_id": "ads2_m6_a1_1", "user_id": "madhurimukund97", "score": {"sample": {"0": {"execution_time": 0.25943493843078613, "passed": false}, "1": {"execution_time": 0.258176326751709, "passed": false}, "2": {"execution_time": 0.24292397499084473, "passed": false}, "3": {"execution_time": 0.29797983169555664, "passed": false}, "4": {"execution_time": 0.2735941410064697, "passed": false}, "5": {"execution_time": 0.2435774803161621, "passed": false}, "6": {"execution_time": 0.2458510398864746, "passed": false}, "7": {"execution_time": 0.23303723335266113, "passed": false}, "8": {"execution_time": 0.3822767734527588, "passed": false}, "9": {"execution_time": 0.24512743949890137, "passed": false}, "10": {"execution_time": 0.3045938014984131, "passed": false}, "11": {"execution_time": 0.46851301193237305, "passed": false}}}, "check_style_score": "0/1"}