{"version": "1", "message": "ERROR: Hidden Testcases server unreachable.", "problem_id": "ads2_m6_a1_1", "user_id": "madhurimukund97", "score": {"sample": {"0": {"execution_time": 0.2742619514465332, "passed": false}, "1": {"execution_time": 0.24868559837341309, "passed": false}, "2": {"execution_time": 0.2447042465209961, "passed": false}, "3": {"execution_time": 0.238250732421875, "passed": false}, "4": {"execution_time": 0.24128985404968262, "passed": false}, "5": {"execution_time": 0.23657560348510742, "passed": false}, "6": {"execution_time": 0.26702070236206055, "passed": false}, "7": {"execution_time": 0.2539055347442627, "passed": false}, "8": {"execution_time": 0.24655938148498535, "passed": false}, "9": {"execution_time": 0.4060981273651123, "passed": false}, "10": {"execution_time": 0.2794485092163086, "passed": false}, "11": {"execution_time": 0.30480217933654785, "passed": false}}}, "check_style_score": "0/1"}