{"version": "1", "message": "ERROR: Hidden Testcases server unreachable.", "problem_id": "ads2_m6_a1_1", "user_id": "madhurimukund97", "score": {"sample": {"0": {"execution_time": 0.45410704612731934, "passed": false}, "1": {"execution_time": 0.623898983001709, "passed": false}, "2": {"execution_time": 0.45067811012268066, "passed": false}, "3": {"execution_time": 0.24425029754638672, "passed": false}, "4": {"execution_time": 0.24559450149536133, "passed": false}, "5": {"execution_time": 0.23111724853515625, "passed": false}, "6": {"execution_time": 0.3061857223510742, "passed": false}, "7": {"execution_time": 0.24357080459594727, "passed": false}, "8": {"execution_time": 0.2486100196838379, "passed": false}, "9": {"execution_time": 0.23244285583496094, "passed": false}, "10": {"execution_time": 0.23244357109069824, "passed": false}, "11": {"execution_time": 0.292156457901001, "passed": false}}}, "check_style_score": "0/1"}