{"version": "1", "message": "ERROR: Hidden Testcases server unreachable.", "problem_id": "ads2_m6_a1_1", "user_id": "madhurimukund97", "score": {"sample": {"0": {"execution_time": 0.32706212997436523, "passed": false}, "1": {"execution_time": 0.30285215377807617, "passed": false}, "2": {"execution_time": 0.2905709743499756, "passed": false}, "3": {"execution_time": 0.28202390670776367, "passed": false}, "4": {"execution_time": 0.29181671142578125, "passed": false}, "5": {"execution_time": 0.27530741691589355, "passed": false}, "6": {"execution_time": 0.2634873390197754, "passed": false}, "7": {"execution_time": 0.3838069438934326, "passed": false}, "8": {"execution_time": 0.27771902084350586, "passed": false}, "9": {"execution_time": 0.4422645568847656, "passed": false}, "10": {"execution_time": 0.28919434547424316, "passed": false}, "11": {"execution_time": 0.293285608291626, "passed": false}}}, "check_style_score": "0/1"}