{"version": "1", "message": "ERROR: Hidden Testcases server unreachable.", "problem_id": "ads2_m6_a1_1", "user_id": "madhurimukund97", "score": {"sample": {"0": {"execution_time": 0.28367161750793457, "passed": false}, "1": {"execution_time": 0.3787269592285156, "passed": false}, "2": {"execution_time": 0.4072997570037842, "passed": false}, "3": {"execution_time": 0.2532670497894287, "passed": false}, "4": {"execution_time": 0.23112106323242188, "passed": false}, "5": {"execution_time": 0.24387598037719727, "passed": false}, "6": {"execution_time": 0.23687005043029785, "passed": false}, "7": {"execution_time": 0.24368786811828613, "passed": false}, "8": {"execution_time": 0.2426142692565918, "passed": false}, "9": {"execution_time": 0.2526838779449463, "passed": false}, "10": {"execution_time": 0.24326252937316895, "passed": false}, "11": {"execution_time": 0.3358347415924072, "passed": false}}}, "check_style_score": "0/1"}