{"version": "1", "message": "ERROR: Hidden Testcases server unreachable.", "problem_id": "ads2_m6_a1_1", "user_id": "madhurimukund97", "score": {"sample": {"0": {"execution_time": 0.369448184967041, "passed": false}, "1": {"execution_time": 0.27396225929260254, "passed": false}, "2": {"execution_time": 0.4109504222869873, "passed": false}, "3": {"execution_time": 0.326183557510376, "passed": false}, "4": {"execution_time": 0.2744321823120117, "passed": false}, "5": {"execution_time": 0.29007601737976074, "passed": false}, "6": {"execution_time": 0.29386305809020996, "passed": false}, "7": {"execution_time": 0.30877137184143066, "passed": false}, "8": {"execution_time": 0.2983367443084717, "passed": false}, "9": {"execution_time": 0.29524993896484375, "passed": false}, "10": {"execution_time": 0.2847251892089844, "passed": false}, "11": {"execution_time": 0.4493067264556885, "passed": false}}}, "check_style_score": "0/1"}