{"version": "1", "message": "ERROR: Hidden Testcases server unreachable.", "problem_id": "ads2_m6_a1_1", "user_id": "madhurimukund97", "score": {"sample": {"0": {"execution_time": 0.26485109329223633, "passed": false}, "1": {"execution_time": 0.2587711811065674, "passed": false}, "2": {"execution_time": 0.2911548614501953, "passed": false}, "3": {"execution_time": 0.28368186950683594, "passed": false}, "4": {"execution_time": 0.2926442623138428, "passed": false}, "5": {"execution_time": 0.22905731201171875, "passed": false}, "6": {"execution_time": 0.262404203414917, "passed": false}, "7": {"execution_time": 0.3528428077697754, "passed": false}, "8": {"execution_time": 0.24757862091064453, "passed": false}, "9": {"execution_time": 0.25943708419799805, "passed": false}, "10": {"execution_time": 0.23698043823242188, "passed": false}, "11": {"execution_time": 0.27478981018066406, "passed": false}}}, "check_style_score": "0/1"}