{"version": "1", "message": "ERROR: Hidden Testcases server unreachable.", "problem_id": "ads2_m6_a1_1", "user_id": "madhurimukund97", "score": {"sample": {"0": {"execution_time": 0.3276064395904541, "passed": false}, "1": {"execution_time": 0.29192137718200684, "passed": false}, "2": {"execution_time": 0.28066277503967285, "passed": false}, "3": {"execution_time": 0.33185696601867676, "passed": false}, "4": {"execution_time": 0.28508734703063965, "passed": false}, "5": {"execution_time": 0.275402307510376, "passed": false}, "6": {"execution_time": 0.3864772319793701, "passed": false}, "7": {"execution_time": 0.280315637588501, "passed": false}, "8": {"execution_time": 0.47565627098083496, "passed": false}, "9": {"execution_time": 0.29146528244018555, "passed": false}, "10": {"execution_time": 0.2890615463256836, "passed": false}, "11": {"execution_time": 0.3503444194793701, "passed": false}}}, "check_style_score": "0/1"}