{"version": "1", "message": "ERROR: Hidden Testcases server unreachable.", "problem_id": "ads2_m6_a1_1", "user_id": "madhurimukund97", "score": {"sample": {"0": {"execution_time": 0.8951160907745361, "passed": false}, "1": {"execution_time": 0.29407453536987305, "passed": false}, "2": {"execution_time": 0.34778404235839844, "passed": false}, "3": {"execution_time": 0.391709566116333, "passed": false}, "4": {"execution_time": 0.2938249111175537, "passed": false}, "5": {"execution_time": 0.385587215423584, "passed": false}, "6": {"execution_time": 0.3220362663269043, "passed": true}, "7": {"execution_time": 0.32175493240356445, "passed": false}, "8": {"execution_time": 0.36474037170410156, "passed": true}, "9": {"execution_time": 0.3384246826171875, "passed": false}, "10": {"execution_time": 0.38947057723999023, "passed": true}, "11": {"execution_time": 0.3096926212310791, "passed": false}}}, "check_style_score": "0/1"}