{"version": "1", "message": "ERROR: Hidden Testcases server unreachable.", "problem_id": "ads2_m6_a1_1", "user_id": "madhurimukund97", "score": {"sample": {"0": {"execution_time": 0.2563910484313965, "passed": false}, "1": {"execution_time": 0.23543334007263184, "passed": false}, "2": {"execution_time": 0.24448370933532715, "passed": false}, "3": {"execution_time": 0.2502434253692627, "passed": false}, "4": {"execution_time": 0.2598094940185547, "passed": false}, "5": {"execution_time": 0.26092004776000977, "passed": false}, "6": {"execution_time": 0.23127532005310059, "passed": false}, "7": {"execution_time": 0.25351905822753906, "passed": false}, "8": {"execution_time": 0.24379181861877441, "passed": false}, "9": {"execution_time": 0.24713587760925293, "passed": false}, "10": {"execution_time": 0.33823680877685547, "passed": false}, "11": {"execution_time": 0.2752499580383301, "passed": false}}}, "check_style_score": "0/1"}