{"version": "1", "message": "ERROR: Hidden Testcases server unreachable.", "problem_id": "ads2_m6_a1_1", "user_id": "madhurimukund97", "score": {"sample": {"0": {"execution_time": 0.31438159942626953, "passed": false}, "1": {"execution_time": 0.29000091552734375, "passed": false}, "2": {"execution_time": 0.29405641555786133, "passed": false}, "3": {"execution_time": 0.29053354263305664, "passed": false}, "4": {"execution_time": 0.2771592140197754, "passed": false}, "5": {"execution_time": 0.28145575523376465, "passed": false}, "6": {"execution_time": 0.2762465476989746, "passed": false}, "7": {"execution_time": 0.2899491786956787, "passed": false}, "8": {"execution_time": 0.27363014221191406, "passed": false}, "9": {"execution_time": 0.32482004165649414, "passed": false}, "10": {"execution_time": 0.2879178524017334, "passed": false}, "11": {"execution_time": 0.3191671371459961, "passed": false}}}, "check_style_score": "0/1"}