{"version": "1", "message": "ERROR: Hidden Testcases server unreachable.", "problem_id": "ads2_m6_a1_1", "user_id": "madhurimukund97", "score": {"sample": {"0": {"execution_time": 0.29885005950927734, "passed": false}, "1": {"execution_time": 0.2532966136932373, "passed": false}, "2": {"execution_time": 0.24337410926818848, "passed": false}, "3": {"execution_time": 0.2962062358856201, "passed": false}, "4": {"execution_time": 0.2817652225494385, "passed": false}, "5": {"execution_time": 0.3070094585418701, "passed": false}, "6": {"execution_time": 0.2772183418273926, "passed": false}, "7": {"execution_time": 0.2826547622680664, "passed": false}, "8": {"execution_time": 0.29691624641418457, "passed": false}, "9": {"execution_time": 0.2875850200653076, "passed": false}, "10": {"execution_time": 0.309467077255249, "passed": false}, "11": {"execution_time": 0.33557558059692383, "passed": false}}}, "check_style_score": "0/1"}