{"version": "1", "message": "ERROR: Hidden Testcases server unreachable.", "problem_id": "ads2_m6_a1_1", "user_id": "madhurimukund97", "score": {"sample": {"0": {"execution_time": 0.26714587211608887, "passed": false}, "1": {"execution_time": 0.2442474365234375, "passed": false}, "2": {"execution_time": 0.3765711784362793, "passed": false}, "3": {"execution_time": 0.27342677116394043, "passed": false}, "4": {"execution_time": 0.3839600086212158, "passed": false}, "5": {"execution_time": 0.33291149139404297, "passed": false}, "6": {"execution_time": 0.24524474143981934, "passed": false}, "7": {"execution_time": 0.24587774276733398, "passed": false}, "8": {"execution_time": 0.2395792007446289, "passed": false}, "9": {"execution_time": 0.24390959739685059, "passed": false}, "10": {"execution_time": 0.2598598003387451, "passed": false}, "11": {"execution_time": 0.23134374618530273, "passed": false}}}, "check_style_score": "0/1"}