{"version": "1", "message": "ERROR: Hidden Testcases server unreachable.", "problem_id": "ads2_m6_a1_1", "user_id": "madhurimukund97", "score": {"sample": {"0": {"execution_time": 0.26694393157958984, "passed": false}, "1": {"execution_time": 0.258206844329834, "passed": false}, "2": {"execution_time": 0.2616569995880127, "passed": false}, "3": {"execution_time": 0.337787389755249, "passed": false}, "4": {"execution_time": 0.23254728317260742, "passed": false}, "5": {"execution_time": 0.2585771083831787, "passed": false}, "6": {"execution_time": 0.24515795707702637, "passed": false}, "7": {"execution_time": 0.26031947135925293, "passed": false}, "8": {"execution_time": 0.2701385021209717, "passed": false}, "9": {"execution_time": 0.2297368049621582, "passed": false}, "10": {"execution_time": 0.2402198314666748, "passed": false}, "11": {"execution_time": 0.24585223197937012, "passed": false}}}, "check_style_score": "0/1"}