{"version": "1", "message": "ERROR: Hidden Testcases server unreachable.", "problem_id": "ads2_m6_a1_1", "user_id": "madhurimukund97", "score": {"sample": {"0": {"execution_time": 0.2909986972808838, "passed": false}, "1": {"execution_time": 0.3246605396270752, "passed": false}, "2": {"execution_time": 0.29114246368408203, "passed": false}, "3": {"execution_time": 0.5744843482971191, "passed": false}, "4": {"execution_time": 0.4173595905303955, "passed": false}, "5": {"execution_time": 0.5307290554046631, "passed": false}, "6": {"execution_time": 0.30078840255737305, "passed": true}, "7": {"execution_time": 0.34486985206604004, "passed": false}, "8": {"execution_time": 0.3646063804626465, "passed": true}, "9": {"execution_time": 0.3198730945587158, "passed": false}, "10": {"execution_time": 0.29647088050842285, "passed": true}, "11": {"execution_time": 0.3068690299987793, "passed": false}}}, "check_style_score": "0/1"}