{"version": "1", "message": "ERROR: Hidden Testcases server unreachable.", "problem_id": "ads2_m6_a1_1", "user_id": "madhurimukund97", "score": {"sample": {"0": {"execution_time": 0.2977328300476074, "passed": false}, "1": {"execution_time": 0.2759535312652588, "passed": false}, "2": {"execution_time": 0.2632012367248535, "passed": false}, "3": {"execution_time": 0.30912113189697266, "passed": false}, "4": {"execution_time": 0.3281219005584717, "passed": false}, "5": {"execution_time": 0.2954986095428467, "passed": false}, "6": {"execution_time": 0.29093313217163086, "passed": false}, "7": {"execution_time": 0.42804455757141113, "passed": false}, "8": {"execution_time": 0.27065062522888184, "passed": false}, "9": {"execution_time": 0.2913668155670166, "passed": false}, "10": {"execution_time": 0.31110405921936035, "passed": false}, "11": {"execution_time": 0.25943684577941895, "passed": false}}}, "check_style_score": "0/1"}