{"version": "1", "message": "ERROR: Hidden Testcases server unreachable.", "problem_id": "ads2_m6_a1_1", "user_id": "madhurimukund97", "score": {"sample": {"0": {"execution_time": 0.24506688117980957, "passed": false}, "1": {"execution_time": 0.2549929618835449, "passed": false}, "2": {"execution_time": 0.24244356155395508, "passed": false}, "3": {"execution_time": 0.253004789352417, "passed": false}, "4": {"execution_time": 0.24348807334899902, "passed": false}, "5": {"execution_time": 0.24373817443847656, "passed": false}, "6": {"execution_time": 0.4728827476501465, "passed": false}, "7": {"execution_time": 0.28417015075683594, "passed": false}, "8": {"execution_time": 0.2632448673248291, "passed": false}, "9": {"execution_time": 0.31012773513793945, "passed": false}, "10": {"execution_time": 0.24646806716918945, "passed": false}, "11": {"execution_time": 0.22233915328979492, "passed": false}}}, "check_style_score": "0/1"}