{"version": "1", "message": "ERROR: Hidden Testcases server unreachable.", "problem_id": "ads2_m6_a1_1", "user_id": "madhurimukund97", "score": {"sample": {"0": {"execution_time": 0.2649824619293213, "passed": false}, "1": {"execution_time": 0.23073959350585938, "passed": false}, "2": {"execution_time": 0.24184751510620117, "passed": false}, "3": {"execution_time": 0.24240946769714355, "passed": false}, "4": {"execution_time": 0.24923276901245117, "passed": false}, "5": {"execution_time": 0.24466180801391602, "passed": false}, "6": {"execution_time": 0.2309126853942871, "passed": false}, "7": {"execution_time": 0.2439730167388916, "passed": false}, "8": {"execution_time": 0.24437165260314941, "passed": false}, "9": {"execution_time": 0.21732211112976074, "passed": false}, "10": {"execution_time": 0.25858259201049805, "passed": false}, "11": {"execution_time": 0.24246740341186523, "passed": false}}}, "check_style_score": "0/1"}