{"version": "1", "message": "ERROR: Hidden Testcases server unreachable.", "problem_id": "ads2_m6_a1_1", "user_id": "madhurimukund97", "score": {"sample": {"0": {"execution_time": 0.27458667755126953, "passed": false}, "1": {"execution_time": 0.27536678314208984, "passed": false}, "2": {"execution_time": 0.28026628494262695, "passed": false}, "3": {"execution_time": 0.28052377700805664, "passed": false}, "4": {"execution_time": 0.29657411575317383, "passed": false}, "5": {"execution_time": 0.3631112575531006, "passed": false}, "6": {"execution_time": 0.28708600997924805, "passed": false}, "7": {"execution_time": 0.27527713775634766, "passed": false}, "8": {"execution_time": 0.2623782157897949, "passed": false}, "9": {"execution_time": 0.27892637252807617, "passed": false}, "10": {"execution_time": 0.27110981941223145, "passed": false}, "11": {"execution_time": 0.3231666088104248, "passed": false}}}, "check_style_score": "0/1"}