{"version": "1", "message": "ERROR: Hidden Testcases server unreachable.", "problem_id": "ads2_m6_a1_1", "user_id": "madhurimukund97", "score": {"sample": {"0": {"execution_time": 0.3529818058013916, "passed": false}, "1": {"execution_time": 0.29114270210266113, "passed": false}, "2": {"execution_time": 0.4707038402557373, "passed": false}, "3": {"execution_time": 0.3044891357421875, "passed": false}, "4": {"execution_time": 0.30092358589172363, "passed": false}, "5": {"execution_time": 0.3089721202850342, "passed": false}, "6": {"execution_time": 0.33619165420532227, "passed": true}, "7": {"execution_time": 0.31008458137512207, "passed": false}, "8": {"execution_time": 0.3235893249511719, "passed": true}, "9": {"execution_time": 0.42194104194641113, "passed": false}, "10": {"execution_time": 0.4472346305847168, "passed": true}, "11": {"execution_time": 0.41643214225769043, "passed": false}}}, "check_style_score": "0/1"}