{"version": "1", "message": "ERROR: Hidden Testcases server unreachable.", "problem_id": "ads2_m6_a1_1", "user_id": "madhurimukund97", "score": {"sample": {"0": {"execution_time": 0.21847081184387207, "passed": false}, "1": {"execution_time": 0.24443697929382324, "passed": false}, "2": {"execution_time": 0.22034430503845215, "passed": false}, "3": {"execution_time": 0.24426054954528809, "passed": false}, "4": {"execution_time": 0.23291826248168945, "passed": false}, "5": {"execution_time": 0.23172736167907715, "passed": false}, "6": {"execution_time": 0.2272505760192871, "passed": false}, "7": {"execution_time": 0.21529889106750488, "passed": false}, "8": {"execution_time": 0.23499226570129395, "passed": false}, "9": {"execution_time": 0.25801849365234375, "passed": false}, "10": {"execution_time": 0.34822654724121094, "passed": false}, "11": {"execution_time": 0.26476478576660156, "passed": false}}}, "check_style_score": "0/1"}