{"version": "1", "message": "ERROR: Hidden Testcases server unreachable.", "problem_id": "ads2_m6_a1_1", "user_id": "madhurimukund97", "score": {"sample": {"0": {"execution_time": 0.29230523109436035, "passed": false}, "1": {"execution_time": 0.3164839744567871, "passed": false}, "2": {"execution_time": 0.2890431880950928, "passed": false}, "3": {"execution_time": 0.29419922828674316, "passed": false}, "4": {"execution_time": 0.42804598808288574, "passed": false}, "5": {"execution_time": 0.30738139152526855, "passed": false}, "6": {"execution_time": 0.39180660247802734, "passed": false}, "7": {"execution_time": 0.29198741912841797, "passed": false}, "8": {"execution_time": 0.43747544288635254, "passed": false}, "9": {"execution_time": 0.2984175682067871, "passed": false}, "10": {"execution_time": 0.29859089851379395, "passed": false}, "11": {"execution_time": 0.30342531204223633, "passed": false}}}, "check_style_score": "0/1"}