{"version": "1", "message": "ERROR: Hidden Testcases server unreachable.", "problem_id": "ads2_m6_a1_1", "user_id": "madhurimukund97", "score": {"sample": {"0": {"execution_time": 0.32599830627441406, "passed": false}, "1": {"execution_time": 0.291933536529541, "passed": false}, "2": {"execution_time": 0.2707984447479248, "passed": false}, "3": {"execution_time": 0.2973968982696533, "passed": false}, "4": {"execution_time": 0.2742919921875, "passed": false}, "5": {"execution_time": 0.2914454936981201, "passed": false}, "6": {"execution_time": 0.30869030952453613, "passed": true}, "7": {"execution_time": 0.4121847152709961, "passed": false}, "8": {"execution_time": 0.27510786056518555, "passed": true}, "9": {"execution_time": 0.31925153732299805, "passed": false}, "10": {"execution_time": 0.27425527572631836, "passed": true}, "11": {"execution_time": 0.5484492778778076, "passed": false}}}, "check_style_score": "0/1"}