{"version": "1", "message": "ERROR: Hidden Testcases server unreachable.", "problem_id": "ads2_m6_a1_1", "user_id": "madhurimukund97", "score": {"sample": {"0": {"execution_time": 0.2795534133911133, "passed": false}, "1": {"execution_time": 0.3036487102508545, "passed": false}, "2": {"execution_time": 0.28768348693847656, "passed": false}, "3": {"execution_time": 0.30866074562072754, "passed": false}, "4": {"execution_time": 0.3151559829711914, "passed": false}, "5": {"execution_time": 0.3419077396392822, "passed": false}, "6": {"execution_time": 0.29810261726379395, "passed": true}, "7": {"execution_time": 0.29842305183410645, "passed": false}, "8": {"execution_time": 0.2775149345397949, "passed": true}, "9": {"execution_time": 0.3043549060821533, "passed": false}, "10": {"execution_time": 0.29525279998779297, "passed": true}, "11": {"execution_time": 0.3209259510040283, "passed": false}}}, "check_style_score": "0/1"}