{"version": "1", "message": "ERROR: Hidden Testcases server unreachable.", "problem_id": "ads2_m6_a1_1", "user_id": "madhurimukund97", "score": {"sample": {"0": {"execution_time": 0.2082371711730957, "passed": false}, "1": {"execution_time": 0.1875438690185547, "passed": false}, "2": {"execution_time": 0.21293902397155762, "passed": false}, "3": {"execution_time": 0.18424272537231445, "passed": false}, "4": {"execution_time": 0.19685006141662598, "passed": false}, "5": {"execution_time": 0.1788175106048584, "passed": false}, "6": {"execution_time": 0.21260452270507812, "passed": false}, "7": {"execution_time": 0.19568300247192383, "passed": false}, "8": {"execution_time": 0.18070363998413086, "passed": false}, "9": {"execution_time": 0.19641423225402832, "passed": false}, "10": {"execution_time": 0.1833348274230957, "passed": false}, "11": {"execution_time": 0.19757390022277832, "passed": false}}}, "check_style_score": "0/1"}