{"version": "1", "message": "ERROR: Hidden Testcases server unreachable.", "problem_id": "ads2_m6_a1_1", "user_id": "madhurimukund97", "score": {"sample": {"0": {"execution_time": 0.2646517753601074, "passed": false}, "1": {"execution_time": 0.23612713813781738, "passed": false}, "2": {"execution_time": 0.24568676948547363, "passed": false}, "3": {"execution_time": 0.42568278312683105, "passed": false}, "4": {"execution_time": 0.322767972946167, "passed": false}, "5": {"execution_time": 0.23461174964904785, "passed": false}, "6": {"execution_time": 0.24213552474975586, "passed": false}, "7": {"execution_time": 0.24763011932373047, "passed": false}, "8": {"execution_time": 0.23302078247070312, "passed": false}, "9": {"execution_time": 0.23248863220214844, "passed": false}, "10": {"execution_time": 0.250530481338501, "passed": false}, "11": {"execution_time": 0.2839643955230713, "passed": false}}}, "check_style_score": "0/1"}