{"version": "1", "message": "ERROR: Hidden Testcases server unreachable.", "problem_id": "ads2_m6_a1_1", "user_id": "madhurimukund97", "score": {"sample": {"0": {"execution_time": 0.28580546379089355, "passed": false}, "1": {"execution_time": 0.24354052543640137, "passed": false}, "2": {"execution_time": 0.2596707344055176, "passed": false}, "3": {"execution_time": 0.229231595993042, "passed": false}, "4": {"execution_time": 0.24646687507629395, "passed": false}, "5": {"execution_time": 0.2430415153503418, "passed": false}, "6": {"execution_time": 0.24494504928588867, "passed": false}, "7": {"execution_time": 0.24383234977722168, "passed": false}, "8": {"execution_time": 0.2426152229309082, "passed": false}, "9": {"execution_time": 0.24231791496276855, "passed": false}, "10": {"execution_time": 0.2602119445800781, "passed": false}, "11": {"execution_time": 0.25746941566467285, "passed": false}}}, "check_style_score": "0/1"}