{"version": "1", "message": "ERROR: Hidden Testcases server unreachable.", "problem_id": "ads2_m6_a1_1", "user_id": "madhurimukund97", "score": {"sample": {"0": {"execution_time": 0.3510136604309082, "passed": false}, "1": {"execution_time": 0.27745723724365234, "passed": false}, "2": {"execution_time": 0.3818337917327881, "passed": false}, "3": {"execution_time": 0.29662370681762695, "passed": false}, "4": {"execution_time": 0.32462358474731445, "passed": false}, "5": {"execution_time": 0.3074071407318115, "passed": false}, "6": {"execution_time": 0.2780604362487793, "passed": true}, "7": {"execution_time": 0.32578086853027344, "passed": false}, "8": {"execution_time": 0.3441805839538574, "passed": true}, "9": {"execution_time": 0.34946250915527344, "passed": false}, "10": {"execution_time": 0.27414989471435547, "passed": true}, "11": {"execution_time": 0.33855247497558594, "passed": false}}}, "check_style_score": "0/1"}