{"version": "1", "message": "ERROR: Hidden Testcases server unreachable.", "problem_id": "ads2_m6_a1_1", "user_id": "madhurimukund97", "score": {"sample": {"0": {"execution_time": 0.3199326992034912, "passed": false}, "1": {"execution_time": 0.25485968589782715, "passed": false}, "2": {"execution_time": 0.29187560081481934, "passed": false}, "3": {"execution_time": 0.27367091178894043, "passed": false}, "4": {"execution_time": 0.2755928039550781, "passed": false}, "5": {"execution_time": 0.3056817054748535, "passed": false}, "6": {"execution_time": 0.3083817958831787, "passed": false}, "7": {"execution_time": 0.31866931915283203, "passed": false}, "8": {"execution_time": 0.2768285274505615, "passed": false}, "9": {"execution_time": 0.2930457592010498, "passed": false}, "10": {"execution_time": 0.3223106861114502, "passed": false}, "11": {"execution_time": 0.41504645347595215, "passed": false}}}, "check_style_score": "0/1"}