{"version": "1", "message": "ERROR: Hidden Testcases server unreachable.", "problem_id": "ads2_m6_a1_1", "user_id": "madhurimukund97", "score": {"sample": {"0": {"execution_time": 0.32474374771118164, "passed": false}, "1": {"execution_time": 0.2938404083251953, "passed": false}, "2": {"execution_time": 0.2609424591064453, "passed": false}, "3": {"execution_time": 0.30599355697631836, "passed": false}, "4": {"execution_time": 0.2771599292755127, "passed": false}, "5": {"execution_time": 0.25849175453186035, "passed": false}, "6": {"execution_time": 0.2781565189361572, "passed": false}, "7": {"execution_time": 0.30290865898132324, "passed": false}, "8": {"execution_time": 0.3081095218658447, "passed": false}, "9": {"execution_time": 0.30675220489501953, "passed": false}, "10": {"execution_time": 0.2873697280883789, "passed": false}, "11": {"execution_time": 0.3071300983428955, "passed": false}}}, "check_style_score": "0/1"}