{"version": "1", "message": "ERROR: Hidden Testcases server unreachable.", "problem_id": "ads2_m6_a1_1", "user_id": "madhurimukund97", "score": {"sample": {"0": {"execution_time": 0.28415560722351074, "passed": false}, "1": {"execution_time": 0.2641627788543701, "passed": false}, "2": {"execution_time": 0.2949349880218506, "passed": false}, "3": {"execution_time": 0.29122400283813477, "passed": false}, "4": {"execution_time": 0.27451515197753906, "passed": false}, "5": {"execution_time": 0.3840367794036865, "passed": false}, "6": {"execution_time": 0.3171262741088867, "passed": false}, "7": {"execution_time": 0.2887270450592041, "passed": false}, "8": {"execution_time": 0.2920370101928711, "passed": false}, "9": {"execution_time": 0.2619056701660156, "passed": false}, "10": {"execution_time": 0.2997899055480957, "passed": false}, "11": {"execution_time": 0.2754628658294678, "passed": false}}}, "check_style_score": "0/1"}