{"version": "1", "message": "ERROR: Hidden Testcases server unreachable.", "problem_id": "ads2_m6_a1_1", "user_id": "madhurimukund97", "score": {"sample": {"0": {"execution_time": 0.27822422981262207, "passed": false}, "1": {"execution_time": 0.31174206733703613, "passed": false}, "2": {"execution_time": 0.30908703804016113, "passed": false}, "3": {"execution_time": 0.31601881980895996, "passed": false}, "4": {"execution_time": 0.32647085189819336, "passed": false}, "5": {"execution_time": 0.29808783531188965, "passed": false}, "6": {"execution_time": 0.4354708194732666, "passed": true}, "7": {"execution_time": 0.2818455696105957, "passed": false}, "8": {"execution_time": 0.29946470260620117, "passed": true}, "9": {"execution_time": 0.3581826686859131, "passed": false}, "10": {"execution_time": 0.30185747146606445, "passed": true}, "11": {"execution_time": 0.5037941932678223, "passed": false}}}, "check_style_score": "0/1"}