{"version": "1", "message": "ERROR: Hidden Testcases server unreachable.", "problem_id": "ads2_m6_a1_1", "user_id": "madhurimukund97", "score": {"sample": {"0": {"execution_time": 0.27184557914733887, "passed": false}, "1": {"execution_time": 0.2403697967529297, "passed": false}, "2": {"execution_time": 0.2516629695892334, "passed": false}, "3": {"execution_time": 0.2597815990447998, "passed": false}, "4": {"execution_time": 0.24007344245910645, "passed": false}, "5": {"execution_time": 0.25984644889831543, "passed": false}, "6": {"execution_time": 0.23015213012695312, "passed": false}, "7": {"execution_time": 0.24913454055786133, "passed": false}, "8": {"execution_time": 0.2622828483581543, "passed": false}, "9": {"execution_time": 0.2637174129486084, "passed": false}, "10": {"execution_time": 0.2806675434112549, "passed": false}, "11": {"execution_time": 0.2642993927001953, "passed": false}}}, "check_style_score": "0/1"}