{"version": "1", "message": "ERROR: Hidden Testcases server unreachable.", "problem_id": "ads2_m6_a1_1", "user_id": "madhurimukund97", "score": {"sample": {"0": {"execution_time": 0.32976531982421875, "passed": false}, "1": {"execution_time": 0.2742156982421875, "passed": false}, "2": {"execution_time": 0.2819194793701172, "passed": false}, "3": {"execution_time": 0.35234785079956055, "passed": false}, "4": {"execution_time": 0.2939777374267578, "passed": false}, "5": {"execution_time": 0.30867600440979004, "passed": false}, "6": {"execution_time": 0.2924041748046875, "passed": false}, "7": {"execution_time": 0.2743072509765625, "passed": false}, "8": {"execution_time": 0.274061918258667, "passed": false}, "9": {"execution_time": 0.28319740295410156, "passed": false}, "10": {"execution_time": 0.29036831855773926, "passed": false}, "11": {"execution_time": 0.3057863712310791, "passed": false}}}, "check_style_score": "0/1"}