{"version": "1", "message": "ERROR: Hidden Testcases server unreachable.", "problem_id": "ads2_m6_a1_1", "user_id": "madhurimukund97", "score": {"sample": {"0": {"execution_time": 0.2764394283294678, "passed": false}, "1": {"execution_time": 0.26348304748535156, "passed": false}, "2": {"execution_time": 0.3858015537261963, "passed": false}, "3": {"execution_time": 0.29074740409851074, "passed": false}, "4": {"execution_time": 0.29129934310913086, "passed": false}, "5": {"execution_time": 0.27402806282043457, "passed": false}, "6": {"execution_time": 0.29051733016967773, "passed": false}, "7": {"execution_time": 0.36052536964416504, "passed": false}, "8": {"execution_time": 0.2915828227996826, "passed": false}, "9": {"execution_time": 0.31481099128723145, "passed": false}, "10": {"execution_time": 0.30462050437927246, "passed": false}, "11": {"execution_time": 0.2995755672454834, "passed": false}}}, "check_style_score": "0/1"}