{"version": "1", "message": "ERROR: Hidden Testcases server unreachable.", "problem_id": "ads2_m6_a1_1", "user_id": "madhurimukund97", "score": {"sample": {"0": {"execution_time": 0.26750898361206055, "passed": false}, "1": {"execution_time": 0.3201887607574463, "passed": false}, "2": {"execution_time": 0.29574012756347656, "passed": false}, "3": {"execution_time": 0.4015381336212158, "passed": false}, "4": {"execution_time": 0.3995933532714844, "passed": false}, "5": {"execution_time": 0.30500316619873047, "passed": false}, "6": {"execution_time": 0.2909359931945801, "passed": false}, "7": {"execution_time": 0.2815546989440918, "passed": false}, "8": {"execution_time": 0.3119022846221924, "passed": false}, "9": {"execution_time": 0.37829065322875977, "passed": false}, "10": {"execution_time": 0.2835536003112793, "passed": false}, "11": {"execution_time": 0.3249695301055908, "passed": false}}}, "check_style_score": "0/1"}