{"version": "1", "message": "ERROR: Hidden Testcases server unreachable.", "problem_id": "ads2_m6_a1_1", "user_id": "madhurimukund97", "score": {"sample": {"0": {"execution_time": 0.49332499504089355, "passed": false}, "1": {"execution_time": 0.26111412048339844, "passed": false}, "2": {"execution_time": 0.2937190532684326, "passed": false}, "3": {"execution_time": 0.3070244789123535, "passed": false}, "4": {"execution_time": 0.2778637409210205, "passed": false}, "5": {"execution_time": 0.29086780548095703, "passed": false}, "6": {"execution_time": 0.36568665504455566, "passed": true}, "7": {"execution_time": 0.3855781555175781, "passed": false}, "8": {"execution_time": 0.30699849128723145, "passed": true}, "9": {"execution_time": 0.3234691619873047, "passed": false}, "10": {"execution_time": 0.3420746326446533, "passed": true}, "11": {"execution_time": 0.3081684112548828, "passed": false}}}, "check_style_score": "0/1"}