{"version": "1", "message": "ERROR: Hidden Testcases server unreachable.", "problem_id": "ads2_m6_a1_1", "user_id": "madhurimukund97", "score": {"sample": {"0": {"execution_time": 0.26646876335144043, "passed": false}, "1": {"execution_time": 0.24424982070922852, "passed": false}, "2": {"execution_time": 0.45514941215515137, "passed": false}, "3": {"execution_time": 0.3313002586364746, "passed": false}, "4": {"execution_time": 0.22973012924194336, "passed": false}, "5": {"execution_time": 0.3789374828338623, "passed": false}, "6": {"execution_time": 0.4025588035583496, "passed": false}, "7": {"execution_time": 0.2276315689086914, "passed": false}, "8": {"execution_time": 0.24402141571044922, "passed": false}, "9": {"execution_time": 0.23061227798461914, "passed": false}, "10": {"execution_time": 0.27951526641845703, "passed": false}, "11": {"execution_time": 0.24875831604003906, "passed": false}}}, "check_style_score": "0/1"}