{"version": "1", "message": "ERROR: Hidden Testcases server unreachable.", "problem_id": "ads2_m6_a1_1", "user_id": "madhurimukund97", "score": {"sample": {"0": {"execution_time": 0.2748565673828125, "passed": false}, "1": {"execution_time": 0.2892439365386963, "passed": false}, "2": {"execution_time": 0.28874897956848145, "passed": false}, "3": {"execution_time": 0.29181408882141113, "passed": false}, "4": {"execution_time": 0.28568100929260254, "passed": false}, "5": {"execution_time": 0.29203152656555176, "passed": false}, "6": {"execution_time": 0.26155805587768555, "passed": false}, "7": {"execution_time": 0.2926788330078125, "passed": false}, "8": {"execution_time": 0.2892272472381592, "passed": false}, "9": {"execution_time": 0.41126346588134766, "passed": false}, "10": {"execution_time": 0.30620765686035156, "passed": false}, "11": {"execution_time": 0.290088415145874, "passed": false}}}, "check_style_score": "0/1"}