{"version": "1", "message": "ERROR: Hidden Testcases server unreachable.", "problem_id": "ads2_m6_a1_1", "user_id": "madhurimukund97", "score": {"sample": {"0": {"execution_time": 0.44847631454467773, "passed": false}, "1": {"execution_time": 0.3063325881958008, "passed": false}, "2": {"execution_time": 0.29092907905578613, "passed": false}, "3": {"execution_time": 0.30599403381347656, "passed": false}, "4": {"execution_time": 0.27491164207458496, "passed": false}, "5": {"execution_time": 0.4226799011230469, "passed": false}, "6": {"execution_time": 0.26228952407836914, "passed": true}, "7": {"execution_time": 0.37570810317993164, "passed": false}, "8": {"execution_time": 0.2891995906829834, "passed": true}, "9": {"execution_time": 0.29250264167785645, "passed": false}, "10": {"execution_time": 0.2924368381500244, "passed": true}, "11": {"execution_time": 0.31011009216308594, "passed": false}}}, "check_style_score": "0/1"}