{"version": "1", "message": "ERROR: Hidden Testcases server unreachable.", "problem_id": "ads2_m6_a1_1", "user_id": "madhurimukund97", "score": {"sample": {"0": {"execution_time": 0.30901026725769043, "passed": false}, "1": {"execution_time": 0.277801513671875, "passed": false}, "2": {"execution_time": 0.3746979236602783, "passed": false}, "3": {"execution_time": 0.2987520694732666, "passed": false}, "4": {"execution_time": 0.4669077396392822, "passed": false}, "5": {"execution_time": 0.34120988845825195, "passed": false}, "6": {"execution_time": 0.2770078182220459, "passed": false}, "7": {"execution_time": 0.3791978359222412, "passed": false}, "8": {"execution_time": 0.529524564743042, "passed": false}, "9": {"execution_time": 0.30751633644104004, "passed": false}, "10": {"execution_time": 0.32466745376586914, "passed": false}, "11": {"execution_time": 0.46743178367614746, "passed": false}}}, "check_style_score": "0/1"}