{"version": "1", "message": "ERROR: Hidden Testcases server unreachable.", "problem_id": "ads2_m6_a1_1", "user_id": "madhurimukund97", "score": {"sample": {"0": {"execution_time": 0.30495786666870117, "passed": false}, "1": {"execution_time": 0.3101639747619629, "passed": false}, "2": {"execution_time": 0.2806539535522461, "passed": false}, "3": {"execution_time": 0.27654314041137695, "passed": false}, "4": {"execution_time": 0.2758045196533203, "passed": false}, "5": {"execution_time": 0.28989076614379883, "passed": false}, "6": {"execution_time": 0.30076050758361816, "passed": false}, "7": {"execution_time": 0.275388240814209, "passed": false}, "8": {"execution_time": 0.2744736671447754, "passed": false}, "9": {"execution_time": 0.2927720546722412, "passed": false}, "10": {"execution_time": 0.27553439140319824, "passed": false}, "11": {"execution_time": 0.3120863437652588, "passed": false}}}, "check_style_score": "0/1"}