{"version": "1", "message": "ERROR: Hidden Testcases server unreachable.", "problem_id": "ads2_m6_a1_1", "user_id": "madhurimukund97", "score": {"sample": {"0": {"execution_time": 0.3234279155731201, "passed": false}, "1": {"execution_time": 0.3237113952636719, "passed": false}, "2": {"execution_time": 0.3049592971801758, "passed": false}, "3": {"execution_time": 0.29401731491088867, "passed": false}, "4": {"execution_time": 0.27881932258605957, "passed": false}, "5": {"execution_time": 0.35227441787719727, "passed": false}, "6": {"execution_time": 0.3225734233856201, "passed": false}, "7": {"execution_time": 0.30242061614990234, "passed": false}, "8": {"execution_time": 0.4339790344238281, "passed": false}, "9": {"execution_time": 0.2936124801635742, "passed": false}, "10": {"execution_time": 0.2797269821166992, "passed": false}, "11": {"execution_time": 0.43093252182006836, "passed": false}}}, "check_style_score": "0/1"}