{"version": "1", "message": "ERROR: Hidden Testcases server unreachable.", "problem_id": "ads2_m6_a1_1", "user_id": "madhurimukund97", "score": {"sample": {"0": {"execution_time": 0.8458573818206787, "passed": false}, "1": {"execution_time": 0.3223414421081543, "passed": false}, "2": {"execution_time": 0.20830368995666504, "passed": false}, "3": {"execution_time": 0.2140941619873047, "passed": false}, "4": {"execution_time": 0.19886350631713867, "passed": false}, "5": {"execution_time": 0.16888093948364258, "passed": false}, "6": {"execution_time": 0.18445444107055664, "passed": false}, "7": {"execution_time": 0.19699335098266602, "passed": false}, "8": {"execution_time": 0.18917512893676758, "passed": false}, "9": {"execution_time": 0.18406343460083008, "passed": false}, "10": {"execution_time": 0.22838377952575684, "passed": false}, "11": {"execution_time": 0.2920362949371338, "passed": false}}}, "check_style_score": "0/1"}