{"version": "1", "message": "ERROR: Hidden Testcases server unreachable.", "problem_id": "ads2_m6_a1_1", "user_id": "madhurimukund97", "score": {"sample": {"0": {"execution_time": 0.28246617317199707, "passed": false}, "1": {"execution_time": 0.3062145709991455, "passed": false}, "2": {"execution_time": 0.2923309803009033, "passed": false}, "3": {"execution_time": 0.2929525375366211, "passed": false}, "4": {"execution_time": 0.3066089153289795, "passed": false}, "5": {"execution_time": 0.4427502155303955, "passed": false}, "6": {"execution_time": 0.2848846912384033, "passed": false}, "7": {"execution_time": 0.2957620620727539, "passed": false}, "8": {"execution_time": 0.3866612911224365, "passed": false}, "9": {"execution_time": 0.4777381420135498, "passed": false}, "10": {"execution_time": 0.2825796604156494, "passed": false}, "11": {"execution_time": 0.3606746196746826, "passed": false}}}, "check_style_score": "0/1"}