{"version": "1", "message": "ERROR: Hidden Testcases server unreachable.", "problem_id": "ads2_m6_a1_1", "user_id": "madhurimukund97", "score": {"sample": {"0": {"execution_time": 0.32582974433898926, "passed": false}, "1": {"execution_time": 0.32242584228515625, "passed": false}, "2": {"execution_time": 0.2913188934326172, "passed": false}, "3": {"execution_time": 0.3407623767852783, "passed": false}, "4": {"execution_time": 0.5154359340667725, "passed": false}, "5": {"execution_time": 0.4069669246673584, "passed": false}, "6": {"execution_time": 0.3265039920806885, "passed": false}, "7": {"execution_time": 0.3135077953338623, "passed": false}, "8": {"execution_time": 0.5039405822753906, "passed": false}, "9": {"execution_time": 0.41603660583496094, "passed": false}, "10": {"execution_time": 0.2930257320404053, "passed": false}, "11": {"execution_time": 0.3908979892730713, "passed": false}}}, "check_style_score": "0/1"}