{"version": "1", "message": "ERROR: Hidden Testcases server unreachable.", "problem_id": "ads2_m6_a1_1", "user_id": "madhurimukund97", "score": {"sample": {"0": {"execution_time": 0.9963068962097168, "passed": false}, "1": {"execution_time": 0.27330827713012695, "passed": false}, "2": {"execution_time": 0.303682804107666, "passed": false}, "3": {"execution_time": 0.272632360458374, "passed": false}, "4": {"execution_time": 0.34003329277038574, "passed": false}, "5": {"execution_time": 0.2688572406768799, "passed": false}, "6": {"execution_time": 0.44638490676879883, "passed": false}, "7": {"execution_time": 0.4563145637512207, "passed": false}, "8": {"execution_time": 0.3119335174560547, "passed": false}, "9": {"execution_time": 0.3409574031829834, "passed": false}, "10": {"execution_time": 0.48399829864501953, "passed": false}, "11": {"execution_time": 0.30890774726867676, "passed": false}}}, "check_style_score": "0/1"}