{"version": "1", "message": "ERROR: Hidden Testcases server unreachable.", "problem_id": "ads2_m6_a1_1", "user_id": "madhurimukund97", "score": {"sample": {"0": {"execution_time": 0.27009057998657227, "passed": false}, "1": {"execution_time": 0.24481868743896484, "passed": false}, "2": {"execution_time": 0.2653374671936035, "passed": false}, "3": {"execution_time": 0.2438042163848877, "passed": false}, "4": {"execution_time": 0.26106905937194824, "passed": false}, "5": {"execution_time": 0.24544143676757812, "passed": false}, "6": {"execution_time": 0.2721531391143799, "passed": false}, "7": {"execution_time": 0.24369120597839355, "passed": false}, "8": {"execution_time": 0.24195551872253418, "passed": false}, "9": {"execution_time": 0.28539443016052246, "passed": false}, "10": {"execution_time": 0.2458033561706543, "passed": false}, "11": {"execution_time": 0.2756838798522949, "passed": false}}}, "check_style_score": "0/1"}