{"version": "1", "message": "ERROR: Hidden Testcases server unreachable.", "problem_id": "ads2_m6_a1_1", "user_id": "madhurimukund97", "score": {"sample": {"0": {"execution_time": 0.38530588150024414, "passed": false}, "1": {"execution_time": 0.3845558166503906, "passed": false}, "2": {"execution_time": 0.44389891624450684, "passed": false}, "3": {"execution_time": 0.3104395866394043, "passed": false}, "4": {"execution_time": 0.28284621238708496, "passed": false}, "5": {"execution_time": 0.3097970485687256, "passed": false}, "6": {"execution_time": 0.4010603427886963, "passed": false}, "7": {"execution_time": 0.3193693161010742, "passed": false}, "8": {"execution_time": 0.3052794933319092, "passed": false}, "9": {"execution_time": 0.29380202293395996, "passed": false}, "10": {"execution_time": 0.4519815444946289, "passed": false}, "11": {"execution_time": 0.3895907402038574, "passed": false}}}, "check_style_score": "0/1"}