{"version": "1", "message": "ERROR: Hidden Testcases server unreachable.", "problem_id": "ads2_m6_a1_1", "user_id": "madhurimukund97", "score": {"sample": {"0": {"execution_time": 0.32971858978271484, "passed": false}, "1": {"execution_time": 0.43529272079467773, "passed": false}, "2": {"execution_time": 0.2975492477416992, "passed": false}, "3": {"execution_time": 0.28933024406433105, "passed": false}, "4": {"execution_time": 0.3063807487487793, "passed": false}, "5": {"execution_time": 0.2787313461303711, "passed": false}, "6": {"execution_time": 0.30198192596435547, "passed": false}, "7": {"execution_time": 0.38111281394958496, "passed": false}, "8": {"execution_time": 0.3645486831665039, "passed": false}, "9": {"execution_time": 0.3057553768157959, "passed": false}, "10": {"execution_time": 0.3226664066314697, "passed": false}, "11": {"execution_time": 0.35826659202575684, "passed": false}}}, "check_style_score": "0/1"}