{"version": "1", "message": "ERROR: Hidden Testcases server unreachable.", "problem_id": "ads2_m6_a1_1", "user_id": "madhurimukund97", "score": {"sample": {"0": {"execution_time": 0.30353641510009766, "passed": false}, "1": {"execution_time": 0.337904691696167, "passed": false}, "2": {"execution_time": 0.37157559394836426, "passed": false}, "3": {"execution_time": 0.4149444103240967, "passed": false}, "4": {"execution_time": 0.30295896530151367, "passed": false}, "5": {"execution_time": 0.3227105140686035, "passed": false}, "6": {"execution_time": 0.3831334114074707, "passed": true}, "7": {"execution_time": 0.35419678688049316, "passed": false}, "8": {"execution_time": 0.43797874450683594, "passed": true}, "9": {"execution_time": 0.3032855987548828, "passed": false}, "10": {"execution_time": 0.31968069076538086, "passed": true}, "11": {"execution_time": 0.3795011043548584, "passed": false}}}, "check_style_score": "0/1"}