{"version": "1", "message": "ERROR: Hidden Testcases server unreachable.", "problem_id": "ads2_m6_a1_1", "user_id": "madhurimukund97", "score": {"sample": {"0": {"execution_time": 1.0956690311431885, "passed": false}, "1": {"execution_time": 0.2753942012786865, "passed": false}, "2": {"execution_time": 0.25922679901123047, "passed": false}, "3": {"execution_time": 0.25920915603637695, "passed": false}, "4": {"execution_time": 0.25383973121643066, "passed": false}, "5": {"execution_time": 0.2449042797088623, "passed": false}, "6": {"execution_time": 0.2583014965057373, "passed": false}, "7": {"execution_time": 0.24161815643310547, "passed": false}, "8": {"execution_time": 0.31129884719848633, "passed": false}, "9": {"execution_time": 0.24281048774719238, "passed": false}, "10": {"execution_time": 0.2416374683380127, "passed": false}, "11": {"execution_time": 0.27604103088378906, "passed": false}}}, "check_style_score": "0/1"}