{"version": "1", "message": "ERROR: Hidden Testcases server unreachable.", "problem_id": "ads2_m6_a1_1", "user_id": "madhurimukund97", "score": {"sample": {"0": {"execution_time": 0.45182132720947266, "passed": false}, "1": {"execution_time": 0.2692098617553711, "passed": false}, "2": {"execution_time": 0.2730083465576172, "passed": false}, "3": {"execution_time": 0.29139208793640137, "passed": false}, "4": {"execution_time": 0.3169519901275635, "passed": false}, "5": {"execution_time": 0.2940104007720947, "passed": false}, "6": {"execution_time": 0.276078462600708, "passed": false}, "7": {"execution_time": 0.2900071144104004, "passed": false}, "8": {"execution_time": 0.30654072761535645, "passed": false}, "9": {"execution_time": 0.3425302505493164, "passed": false}, "10": {"execution_time": 0.275374174118042, "passed": false}, "11": {"execution_time": 0.2918097972869873, "passed": false}}}, "check_style_score": "0/1"}