{"version": "1", "message": "ERROR: Hidden Testcases server unreachable.", "problem_id": "ads2_m6_a1_1", "user_id": "madhurimukund97", "score": {"sample": {"0": {"execution_time": 0.39665794372558594, "passed": false}, "1": {"execution_time": 0.29045701026916504, "passed": false}, "2": {"execution_time": 0.29495668411254883, "passed": false}, "3": {"execution_time": 0.28600049018859863, "passed": false}, "4": {"execution_time": 0.34349608421325684, "passed": false}, "5": {"execution_time": 0.4156053066253662, "passed": false}, "6": {"execution_time": 0.3219437599182129, "passed": false}, "7": {"execution_time": 0.2983248233795166, "passed": false}, "8": {"execution_time": 0.40845727920532227, "passed": false}, "9": {"execution_time": 0.31232523918151855, "passed": false}, "10": {"execution_time": 0.275068998336792, "passed": false}, "11": {"execution_time": 0.35269808769226074, "passed": false}}}, "check_style_score": "0/1"}