{"version": "1", "message": "ERROR: Hidden Testcases server unreachable.", "problem_id": "ads2_m6_a1_1", "user_id": "madhurimukund97", "score": {"sample": {"0": {"execution_time": 0.30225563049316406, "passed": false}, "1": {"execution_time": 0.2736954689025879, "passed": false}, "2": {"execution_time": 0.2767038345336914, "passed": false}, "3": {"execution_time": 0.2769663333892822, "passed": false}, "4": {"execution_time": 0.2883772850036621, "passed": false}, "5": {"execution_time": 0.2962925434112549, "passed": false}, "6": {"execution_time": 0.2788820266723633, "passed": false}, "7": {"execution_time": 0.4054069519042969, "passed": false}, "8": {"execution_time": 0.2768127918243408, "passed": false}, "9": {"execution_time": 0.2757234573364258, "passed": false}, "10": {"execution_time": 0.3049588203430176, "passed": false}, "11": {"execution_time": 0.19722795486450195, "passed": false}}}, "check_style_score": "0/1"}