{"version": "1", "message": "ERROR: Hidden Testcases server unreachable.", "problem_id": "ads2_m6_a1_1", "user_id": "madhurimukund97", "score": {"sample": {"0": {"execution_time": 0.2649726867675781, "passed": false}, "1": {"execution_time": 0.24338436126708984, "passed": false}, "2": {"execution_time": 0.23219990730285645, "passed": false}, "3": {"execution_time": 0.2290785312652588, "passed": false}, "4": {"execution_time": 0.24780869483947754, "passed": false}, "5": {"execution_time": 0.23124480247497559, "passed": false}, "6": {"execution_time": 0.2571234703063965, "passed": false}, "7": {"execution_time": 0.24637913703918457, "passed": false}, "8": {"execution_time": 0.2585163116455078, "passed": false}, "9": {"execution_time": 0.22958898544311523, "passed": false}, "10": {"execution_time": 0.258563756942749, "passed": false}, "11": {"execution_time": 0.25971412658691406, "passed": false}}}, "check_style_score": "0/1"}