{"version": "1", "message": "ERROR: Hidden Testcases server unreachable.", "problem_id": "ads2_m6_a1_1", "user_id": "madhurimukund97", "score": {"sample": {"0": {"execution_time": 0.2690448760986328, "passed": false}, "1": {"execution_time": 0.2447497844696045, "passed": false}, "2": {"execution_time": 0.25885462760925293, "passed": false}, "3": {"execution_time": 0.24410009384155273, "passed": false}, "4": {"execution_time": 0.25651121139526367, "passed": false}, "5": {"execution_time": 0.24902629852294922, "passed": false}, "6": {"execution_time": 0.3223731517791748, "passed": false}, "7": {"execution_time": 0.2432553768157959, "passed": false}, "8": {"execution_time": 0.3210628032684326, "passed": false}, "9": {"execution_time": 0.23229646682739258, "passed": false}, "10": {"execution_time": 0.24631762504577637, "passed": false}, "11": {"execution_time": 0.19685959815979004, "passed": false}}}, "check_style_score": "0/1"}