{"version": "1", "message": "ERROR: Hidden Testcases server unreachable.", "problem_id": "ads2_m2_a1_1", "user_id": "madhurimukund97", "score": {"sample": {"0": {"execution_time": 0.30673646926879883, "passed": true}, "1": {"execution_time": 0.28046727180480957, "passed": true}, "2": {"execution_time": 0.33176755905151367, "passed": true}, "3": {"execution_time": 0.40392446517944336, "passed": true}, "4": {"execution_time": 0.38707661628723145, "passed": true}, "5": {"execution_time": 0.31969666481018066, "passed": true}, "6": {"execution_time": 0.4451634883880615, "passed": true}, "7": {"execution_time": 0.3840353488922119, "passed": true}, "8": {"execution_time": 0.30153846740722656, "passed": true}, "9": {"execution_time": 0.41015076637268066, "passed": true}, "10": {"execution_time": 0.38934874534606934, "passed": true}, "11": {"execution_time": 0.367264986038208, "passed": true}, "12": {"execution_time": 0.3409852981567383, "passed": true}, "13": {"execution_time": 0.4131345748901367, "passed": true}, "14": {"execution_time": 0.3892087936401367, "passed": true}, "15": {"execution_time": 0.5027620792388916, "passed": true}, "16": {"execution_time": 0.3639371395111084, "passed": true}, "17": {"execution_time": 0.42088890075683594, "passed": true}, "18": {"execution_time": 0.610053300857544, "passed": true}, "19": {"execution_time": 0.39249253273010254, "passed": true}, "20": {"execution_time": 0.3981800079345703, "passed": true}, "21": {"execution_time": 0.3906536102294922, "passed": true}, "22": {"execution_time": 0.4553220272064209, "passed": false}, "23": {"execution_time": 0.3360748291015625, "passed": true}}}, "check_style_score": "1/1"}