{"version": "1", "message": "ERROR: Hidden Testcases server unreachable.", "problem_id": "ads2_m2_a1_1", "user_id": "madhurimukund97", "score": {"sample": {"0": {"execution_time": 0.6950721740722656, "passed": true}, "1": {"execution_time": 0.2875025272369385, "passed": true}, "2": {"execution_time": 0.27306461334228516, "passed": true}, "3": {"execution_time": 0.30056142807006836, "passed": true}, "4": {"execution_time": 0.2606661319732666, "passed": true}, "5": {"execution_time": 0.3076329231262207, "passed": true}, "6": {"execution_time": 0.315929651260376, "passed": true}, "7": {"execution_time": 0.2282705307006836, "passed": true}, "8": {"execution_time": 0.29437875747680664, "passed": true}, "9": {"execution_time": 0.2576897144317627, "passed": true}, "10": {"execution_time": 0.2678980827331543, "passed": true}, "11": {"execution_time": 0.23947358131408691, "passed": true}, "12": {"execution_time": 0.2612764835357666, "passed": true}, "13": {"execution_time": 0.26438307762145996, "passed": true}, "14": {"execution_time": 0.2538149356842041, "passed": true}, "15": {"execution_time": 0.29791808128356934, "passed": true}, "16": {"execution_time": 0.25464940071105957, "passed": true}, "17": {"execution_time": 0.38496971130371094, "passed": true}, "18": {"execution_time": 0.35277533531188965, "passed": true}, "19": {"execution_time": 0.3589291572570801, "passed": true}, "20": {"execution_time": 0.35098958015441895, "passed": true}, "21": {"execution_time": 0.3117635250091553, "passed": true}, "22": {"execution_time": 0.41776061058044434, "passed": true}, "23": {"execution_time": 0.4349040985107422, "passed": true}}}, "check_style_score": "0/1"}