{"version": "1", "message": "ERROR: Hidden Testcases server unreachable.", "problem_id": "ads2_m2_a1_1", "user_id": "madhurimukund97", "score": {"sample": {"0": {"execution_time": 0.42885398864746094, "passed": true}, "1": {"execution_time": 0.36589884757995605, "passed": true}, "2": {"execution_time": 0.4941439628601074, "passed": true}, "3": {"execution_time": 0.3971831798553467, "passed": true}, "4": {"execution_time": 0.3409841060638428, "passed": true}, "5": {"execution_time": 0.315044641494751, "passed": true}, "6": {"execution_time": 0.365703821182251, "passed": true}, "7": {"execution_time": 0.42519545555114746, "passed": true}, "8": {"execution_time": 0.27181482315063477, "passed": true}, "9": {"execution_time": 0.3005378246307373, "passed": true}, "10": {"execution_time": 0.43096303939819336, "passed": true}, "11": {"execution_time": 0.333951473236084, "passed": true}, "12": {"execution_time": 0.3952176570892334, "passed": true}, "13": {"execution_time": 0.3465151786804199, "passed": true}, "14": {"execution_time": 0.30682373046875, "passed": true}, "15": {"execution_time": 0.4395890235900879, "passed": true}, "16": {"execution_time": 0.3864321708679199, "passed": true}, "17": {"execution_time": 0.380631685256958, "passed": true}, "18": {"execution_time": 0.4296908378601074, "passed": true}, "19": {"execution_time": 0.43405938148498535, "passed": true}, "20": {"execution_time": 0.30278706550598145, "passed": true}, "21": {"execution_time": 0.4062633514404297, "passed": true}, "22": {"execution_time": 0.43932104110717773, "passed": true}, "23": {"execution_time": 0.40222954750061035, "passed": true}}}, "check_style_score": "1/1"}