{"version": "1", "message": "ERROR: Hidden Testcases server unreachable.", "problem_id": "ads2_m2_a1_1", "user_id": "madhurimukund97", "score": {"sample": {"0": {"execution_time": 0.5208396911621094, "passed": true}, "1": {"execution_time": 0.2943079471588135, "passed": true}, "2": {"execution_time": 0.2150719165802002, "passed": true}, "3": {"execution_time": 0.2942695617675781, "passed": true}, "4": {"execution_time": 0.3561267852783203, "passed": true}, "5": {"execution_time": 0.36655449867248535, "passed": true}, "6": {"execution_time": 0.22653818130493164, "passed": true}, "7": {"execution_time": 0.385103702545166, "passed": true}, "8": {"execution_time": 0.3651401996612549, "passed": true}, "9": {"execution_time": 0.3968172073364258, "passed": true}, "10": {"execution_time": 0.299771785736084, "passed": true}, "11": {"execution_time": 0.3370208740234375, "passed": true}, "12": {"execution_time": 0.342179536819458, "passed": true}, "13": {"execution_time": 0.3193051815032959, "passed": true}, "14": {"execution_time": 0.31900644302368164, "passed": true}, "15": {"execution_time": 0.3567769527435303, "passed": true}, "16": {"execution_time": 0.4314594268798828, "passed": true}, "17": {"execution_time": 0.4863743782043457, "passed": true}, "18": {"execution_time": 0.4048488140106201, "passed": true}, "19": {"execution_time": 0.39151501655578613, "passed": true}, "20": {"execution_time": 0.43262147903442383, "passed": true}, "21": {"execution_time": 0.3858673572540283, "passed": true}, "22": {"execution_time": 0.5078811645507812, "passed": true}, "23": {"execution_time": 0.46932005882263184, "passed": true}}}, "check_style_score": "1/1"}