{"version": "1", "message": "ERROR: Hidden Testcases server unreachable.", "problem_id": "ads2_m4_a1_1", "user_id": "madhurimukund97", "score": {"sample": {"0": {"execution_time": 0.7830209732055664, "passed": true}, "1": {"execution_time": 0.2630767822265625, "passed": false}, "2": {"execution_time": 0.18354225158691406, "passed": false}, "3": {"execution_time": 0.18010711669921875, "passed": false}, "4": {"execution_time": 0.2681882381439209, "passed": false}, "5": {"execution_time": 0.19975900650024414, "passed": false}, "6": {"execution_time": 0.46668028831481934, "passed": false}, "7": {"execution_time": 0.23466801643371582, "passed": false}, "8": {"execution_time": 0.3092472553253174, "passed": false}, "9": {"execution_time": 0.2616753578186035, "passed": false}, "10": {"execution_time": 0.2760627269744873, "passed": false}, "11": {"execution_time": 0.28928208351135254, "passed": true}, "12": {"execution_time": 0.18117785453796387, "passed": true}, "13": {"execution_time": 0.21559762954711914, "passed": false}, "14": {"execution_time": 0.29119277000427246, "passed": true}}}, "check_style_score": "0/1"}