{"version": "1", "message": "ERROR: Hidden Testcases server unreachable.", "problem_id": "ads2_m4_a1_1", "user_id": "madhurimukund97", "score": {"sample": {"0": {"execution_time": 0.29910826683044434, "passed": true}, "1": {"execution_time": 0.2744300365447998, "passed": true}, "2": {"execution_time": 0.3060183525085449, "passed": true}, "3": {"execution_time": 0.3897879123687744, "passed": true}, "4": {"execution_time": 0.25650954246520996, "passed": true}, "5": {"execution_time": 0.24575543403625488, "passed": true}, "6": {"execution_time": 0.2814366817474365, "passed": true}, "7": {"execution_time": 0.2580740451812744, "passed": true}, "8": {"execution_time": 0.27344584465026855, "passed": true}, "9": {"execution_time": 0.21942710876464844, "passed": true}, "10": {"execution_time": 0.2335984706878662, "passed": true}, "11": {"execution_time": 0.23023176193237305, "passed": true}, "12": {"execution_time": 0.22753500938415527, "passed": true}, "13": {"execution_time": 1.7491590976715088, "passed": true}, "14": {"execution_time": 0.25832033157348633, "passed": true}}}, "check_style_score": "1/1"}