{"version": "1", "message": "ERROR: Hidden Testcases server unreachable.", "problem_id": "ads2_m4_a1_1", "user_id": "madhurimukund97", "score": {"sample": {"0": {"execution_time": 0.2995471954345703, "passed": true}, "1": {"execution_time": 0.2744622230529785, "passed": true}, "2": {"execution_time": 0.3047618865966797, "passed": true}, "3": {"execution_time": 0.331953763961792, "passed": true}, "4": {"execution_time": 0.22430849075317383, "passed": true}, "5": {"execution_time": 0.24419903755187988, "passed": true}, "6": {"execution_time": 0.36605262756347656, "passed": true}, "7": {"execution_time": 0.22712445259094238, "passed": true}, "8": {"execution_time": 0.25733017921447754, "passed": true}, "9": {"execution_time": 0.20994091033935547, "passed": true}, "10": {"execution_time": 0.2120518684387207, "passed": true}, "11": {"execution_time": 0.22307920455932617, "passed": true}, "12": {"execution_time": 0.2044234275817871, "passed": true}, "13": {"execution_time": 1.3096106052398682, "passed": true}, "14": {"execution_time": 0.19890308380126953, "passed": true}}}, "check_style_score": "0/1"}