{"version": "1", "message": "ERROR: Hidden Testcases server unreachable.", "problem_id": "ads2_m4_a1_1", "user_id": "madhurimukund97", "score": {"sample": {"0": {"execution_time": 0.3110840320587158, "passed": true}, "1": {"execution_time": 0.18071317672729492, "passed": false}, "2": {"execution_time": 0.17975139617919922, "passed": false}, "3": {"execution_time": 0.16786980628967285, "passed": false}, "4": {"execution_time": 0.17929863929748535, "passed": false}, "5": {"execution_time": 0.1807246208190918, "passed": false}, "6": {"execution_time": 0.1808304786682129, "passed": false}, "7": {"execution_time": 0.18152976036071777, "passed": false}, "8": {"execution_time": 0.25949859619140625, "passed": true}, "9": {"execution_time": 0.21118569374084473, "passed": true}, "10": {"execution_time": 0.21328330039978027, "passed": true}, "11": {"execution_time": 0.18108010292053223, "passed": true}, "12": {"execution_time": 0.18035173416137695, "passed": true}, "13": {"execution_time": 0.16768932342529297, "passed": false}, "14": {"execution_time": 0.2115473747253418, "passed": true}}}, "check_style_score": "0/1"}