{"version": "1", "message": "ERROR: Hidden Testcases server unreachable.", "problem_id": "ads2_m4_a1_1", "user_id": "madhurimukund97", "score": {"sample": {"0": {"execution_time": 0.3316071033477783, "passed": true}, "1": {"execution_time": 0.4152975082397461, "passed": true}, "2": {"execution_time": 0.312774658203125, "passed": true}, "3": {"execution_time": 0.3854687213897705, "passed": true}, "4": {"execution_time": 0.25241947174072266, "passed": true}, "5": {"execution_time": 0.26094675064086914, "passed": true}, "6": {"execution_time": 0.24846148490905762, "passed": true}, "7": {"execution_time": 0.2592904567718506, "passed": true}, "8": {"execution_time": 0.27865004539489746, "passed": true}, "9": {"execution_time": 0.22502589225769043, "passed": true}, "10": {"execution_time": 0.2096385955810547, "passed": true}, "11": {"execution_time": 0.2276754379272461, "passed": true}, "12": {"execution_time": 0.2274014949798584, "passed": true}, "13": {"execution_time": 1.5406975746154785, "passed": true}, "14": {"execution_time": 0.22496271133422852, "passed": true}}}, "check_style_score": "1/1"}