{"version": "1", "message": "ERROR: Hidden Testcases server unreachable.", "problem_id": "ads2_m4_a1_1", "user_id": "madhurimukund97", "score": {"sample": {"0": {"execution_time": 0.36632847785949707, "passed": true}, "1": {"execution_time": 0.27942848205566406, "passed": true}, "2": {"execution_time": 0.40366029739379883, "passed": true}, "3": {"execution_time": 0.33875513076782227, "passed": true}, "4": {"execution_time": 0.24261736869812012, "passed": true}, "5": {"execution_time": 0.24512743949890137, "passed": true}, "6": {"execution_time": 0.24314427375793457, "passed": true}, "7": {"execution_time": 0.2419126033782959, "passed": true}, "8": {"execution_time": 0.24732279777526855, "passed": true}, "9": {"execution_time": 0.24242043495178223, "passed": true}, "10": {"execution_time": 0.21083545684814453, "passed": true}, "11": {"execution_time": 0.21235179901123047, "passed": true}, "12": {"execution_time": 0.26853179931640625, "passed": true}, "13": {"execution_time": 1.4489953517913818, "passed": true}, "14": {"execution_time": 0.2594583034515381, "passed": true}}}, "check_style_score": "1/1"}