{"version": "1", "message": "ERROR: Hidden Testcases server unreachable.", "problem_id": "ads2_m4_a1_1", "user_id": "madhurimukund97", "score": {"sample": {"0": {"execution_time": 0.28131890296936035, "passed": true}, "1": {"execution_time": 0.18047571182250977, "passed": false}, "2": {"execution_time": 0.1804659366607666, "passed": false}, "3": {"execution_time": 0.18166780471801758, "passed": false}, "4": {"execution_time": 0.24290108680725098, "passed": false}, "5": {"execution_time": 0.17961525917053223, "passed": false}, "6": {"execution_time": 0.2124779224395752, "passed": false}, "7": {"execution_time": 0.18076753616333008, "passed": false}, "8": {"execution_time": 0.26251745223999023, "passed": true}, "9": {"execution_time": 0.24454736709594727, "passed": true}, "10": {"execution_time": 0.2167043685913086, "passed": true}, "11": {"execution_time": 0.17890310287475586, "passed": true}, "12": {"execution_time": 0.18275666236877441, "passed": true}, "13": {"execution_time": 0.18028473854064941, "passed": false}, "14": {"execution_time": 0.2157754898071289, "passed": true}}}, "check_style_score": "0/1"}