{"version": "1", "message": "ERROR: Hidden Testcases server unreachable.", "problem_id": "ads2_m4_a1_1", "user_id": "madhurimukund97", "score": {"sample": {"0": {"execution_time": 0.32347893714904785, "passed": true}, "1": {"execution_time": 0.29148435592651367, "passed": false}, "2": {"execution_time": 0.4027996063232422, "passed": false}, "3": {"execution_time": 0.29178404808044434, "passed": false}, "4": {"execution_time": 0.2391815185546875, "passed": false}, "5": {"execution_time": 0.20307517051696777, "passed": false}, "6": {"execution_time": 0.18118548393249512, "passed": false}, "7": {"execution_time": 0.19822144508361816, "passed": false}, "8": {"execution_time": 0.4354288578033447, "passed": true}, "9": {"execution_time": 0.3115725517272949, "passed": true}, "10": {"execution_time": 0.19909453392028809, "passed": true}, "11": {"execution_time": 0.18073678016662598, "passed": true}, "12": {"execution_time": 0.18051505088806152, "passed": true}, "13": {"execution_time": 0.16941380500793457, "passed": false}, "14": {"execution_time": 0.21982884407043457, "passed": true}}}, "check_style_score": "0/1"}