{"version": "1", "message": "ERROR: Hidden Testcases server unreachable.", "problem_id": "ads2_m4_a1_1", "user_id": "madhurimukund97", "score": {"sample": {"0": {"execution_time": 1.0402984619140625, "passed": true}, "1": {"execution_time": 0.1899092197418213, "passed": false}, "2": {"execution_time": 0.2781953811645508, "passed": false}, "3": {"execution_time": 0.27356624603271484, "passed": false}, "4": {"execution_time": 0.17956256866455078, "passed": false}, "5": {"execution_time": 0.17906451225280762, "passed": false}, "6": {"execution_time": 0.2887716293334961, "passed": false}, "7": {"execution_time": 0.16735029220581055, "passed": false}, "8": {"execution_time": 0.30651068687438965, "passed": true}, "9": {"execution_time": 0.21547532081604004, "passed": true}, "10": {"execution_time": 0.2268085479736328, "passed": true}, "11": {"execution_time": 0.18052196502685547, "passed": true}, "12": {"execution_time": 0.1798851490020752, "passed": true}, "13": {"execution_time": 0.19574642181396484, "passed": false}, "14": {"execution_time": 0.2778627872467041, "passed": true}}}, "check_style_score": "0/1"}