{"version": "1", "message": "ERROR: Hidden Testcases server unreachable.", "problem_id": "ads2_m4_a1_1", "user_id": "madhurimukund97", "score": {"sample": {"0": {"execution_time": 0.28130412101745605, "passed": true}, "1": {"execution_time": 0.18144679069519043, "passed": false}, "2": {"execution_time": 0.19700169563293457, "passed": false}, "3": {"execution_time": 0.18038582801818848, "passed": false}, "4": {"execution_time": 0.18058300018310547, "passed": false}, "5": {"execution_time": 0.18913745880126953, "passed": false}, "6": {"execution_time": 0.18159008026123047, "passed": false}, "7": {"execution_time": 0.19821429252624512, "passed": false}, "8": {"execution_time": 0.26230502128601074, "passed": true}, "9": {"execution_time": 0.22756338119506836, "passed": true}, "10": {"execution_time": 0.21483826637268066, "passed": true}, "11": {"execution_time": 0.18042922019958496, "passed": true}, "12": {"execution_time": 0.18003606796264648, "passed": true}, "13": {"execution_time": 0.18139290809631348, "passed": false}, "14": {"execution_time": 0.19876813888549805, "passed": true}}}, "check_style_score": "0/1"}