{"version": "1", "message": "ERROR: Hidden Testcases server unreachable.", "problem_id": "ads2_m4_a1_1", "user_id": "madhurimukund97", "score": {"sample": {"0": {"execution_time": 0.3058438301086426, "passed": false}, "1": {"execution_time": 0.17891168594360352, "passed": false}, "2": {"execution_time": 0.17568159103393555, "passed": false}, "3": {"execution_time": 0.1800520420074463, "passed": false}, "4": {"execution_time": 0.17421889305114746, "passed": false}, "5": {"execution_time": 0.16809725761413574, "passed": false}, "6": {"execution_time": 0.18081212043762207, "passed": false}, "7": {"execution_time": 0.17940640449523926, "passed": false}, "8": {"execution_time": 0.24573445320129395, "passed": false}, "9": {"execution_time": 0.2113504409790039, "passed": false}, "10": {"execution_time": 0.19772100448608398, "passed": false}, "11": {"execution_time": 0.18026304244995117, "passed": true}, "12": {"execution_time": 0.17992925643920898, "passed": true}, "13": {"execution_time": 0.18048524856567383, "passed": false}, "14": {"execution_time": 0.21077990531921387, "passed": false}}}, "check_style_score": "0/1"}