{"version": "1", "message": "ERROR: Hidden Testcases server unreachable.", "problem_id": "ads2_m4_a1_1", "user_id": "madhurimukund97", "score": {"sample": {"0": {"execution_time": 0.2981274127960205, "passed": true}, "1": {"execution_time": 0.1789085865020752, "passed": false}, "2": {"execution_time": 0.17357850074768066, "passed": false}, "3": {"execution_time": 0.16317057609558105, "passed": false}, "4": {"execution_time": 0.16720080375671387, "passed": false}, "5": {"execution_time": 0.18003201484680176, "passed": false}, "6": {"execution_time": 0.1721172332763672, "passed": false}, "7": {"execution_time": 0.18019866943359375, "passed": false}, "8": {"execution_time": 0.25719714164733887, "passed": true}, "9": {"execution_time": 0.21099400520324707, "passed": true}, "10": {"execution_time": 0.2119593620300293, "passed": true}, "11": {"execution_time": 0.17943358421325684, "passed": true}, "12": {"execution_time": 0.1676018238067627, "passed": true}, "13": {"execution_time": 0.18096399307250977, "passed": false}, "14": {"execution_time": 0.25316667556762695, "passed": true}}}, "check_style_score": "0/1"}