{"version": "1", "message": "ERROR: Hidden Testcases server unreachable.", "problem_id": "ads2_m4_a1_1", "user_id": "madhurimukund97", "score": {"sample": {"0": {"execution_time": 0.29598069190979004, "passed": false}, "1": {"execution_time": 0.23977017402648926, "passed": false}, "2": {"execution_time": 0.44264721870422363, "passed": false}, "3": {"execution_time": 0.290496826171875, "passed": false}, "4": {"execution_time": 0.21549534797668457, "passed": false}, "5": {"execution_time": 0.24292325973510742, "passed": false}, "6": {"execution_time": 0.24892497062683105, "passed": false}, "7": {"execution_time": 0.23073911666870117, "passed": false}, "8": {"execution_time": 0.2422182559967041, "passed": false}, "9": {"execution_time": 0.24406147003173828, "passed": false}, "10": {"execution_time": 0.22247815132141113, "passed": false}, "11": {"execution_time": 0.21572256088256836, "passed": false}, "12": {"execution_time": 0.23924946784973145, "passed": false}, "13": {"execution_time": 1.0324833393096924, "passed": false}, "14": {"execution_time": 0.2507321834564209, "passed": false}}}, "check_style_score": "0/1"}