{"version": "1", "message": "ERROR: Hidden Testcases server unreachable.", "problem_id": "ads2_m4_a1_1", "user_id": "madhurimukund97", "score": {"sample": {"0": {"execution_time": 0.3345003128051758, "passed": true}, "1": {"execution_time": 0.2673988342285156, "passed": true}, "2": {"execution_time": 0.29366350173950195, "passed": true}, "3": {"execution_time": 0.3093087673187256, "passed": true}, "4": {"execution_time": 0.2355329990386963, "passed": true}, "5": {"execution_time": 0.24241399765014648, "passed": true}, "6": {"execution_time": 0.2306208610534668, "passed": true}, "7": {"execution_time": 0.2466576099395752, "passed": true}, "8": {"execution_time": 0.26456451416015625, "passed": true}, "9": {"execution_time": 0.23987174034118652, "passed": true}, "10": {"execution_time": 0.26984524726867676, "passed": true}, "11": {"execution_time": 0.22439789772033691, "passed": true}, "12": {"execution_time": 0.21257519721984863, "passed": true}, "13": {"execution_time": 1.4574813842773438, "passed": true}, "14": {"execution_time": 0.2678489685058594, "passed": true}}}, "check_style_score": "1/1"}