{"version": "1", "message": "ERROR: Hidden Testcases server unreachable.", "problem_id": "ads2_m4_a1_1", "user_id": "madhurimukund97", "score": {"sample": {"0": {"execution_time": 0.2980227470397949, "passed": true}, "1": {"execution_time": 0.18022513389587402, "passed": false}, "2": {"execution_time": 0.18042373657226562, "passed": false}, "3": {"execution_time": 0.18075227737426758, "passed": false}, "4": {"execution_time": 0.16753506660461426, "passed": false}, "5": {"execution_time": 0.1801285743713379, "passed": false}, "6": {"execution_time": 0.16857695579528809, "passed": false}, "7": {"execution_time": 0.18056774139404297, "passed": false}, "8": {"execution_time": 0.253375768661499, "passed": true}, "9": {"execution_time": 0.19789958000183105, "passed": true}, "10": {"execution_time": 0.21132707595825195, "passed": true}, "11": {"execution_time": 0.18129682540893555, "passed": true}, "12": {"execution_time": 0.1800556182861328, "passed": true}, "13": {"execution_time": 0.21245026588439941, "passed": false}, "14": {"execution_time": 0.21246075630187988, "passed": true}}}, "check_style_score": "0/1"}