{"version": "1", "message": "ERROR: Hidden Testcases server unreachable.", "problem_id": "ads2_m4_a1_1", "user_id": "madhurimukund97", "score": {"sample": {"0": {"execution_time": 0.26157355308532715, "passed": true}, "1": {"execution_time": 0.21560907363891602, "passed": false}, "2": {"execution_time": 0.18074989318847656, "passed": false}, "3": {"execution_time": 0.17511534690856934, "passed": false}, "4": {"execution_time": 0.2903296947479248, "passed": false}, "5": {"execution_time": 0.1809549331665039, "passed": false}, "6": {"execution_time": 0.4012596607208252, "passed": false}, "7": {"execution_time": 0.22289538383483887, "passed": false}, "8": {"execution_time": 0.26183342933654785, "passed": false}, "9": {"execution_time": 0.2589237689971924, "passed": false}, "10": {"execution_time": 0.21195244789123535, "passed": false}, "11": {"execution_time": 0.2528061866760254, "passed": true}, "12": {"execution_time": 0.16852021217346191, "passed": true}, "13": {"execution_time": 0.28246378898620605, "passed": false}, "14": {"execution_time": 0.23114252090454102, "passed": true}}}, "check_style_score": "0/1"}