{"version": "1", "message": "ERROR: Hidden Testcases server unreachable.", "problem_id": "ads2_m4_a1_1", "user_id": "madhurimukund97", "score": {"sample": {"0": {"execution_time": 0.2991018295288086, "passed": false}, "1": {"execution_time": 0.17993474006652832, "passed": false}, "2": {"execution_time": 0.18010830879211426, "passed": false}, "3": {"execution_time": 0.1802968978881836, "passed": false}, "4": {"execution_time": 0.18096375465393066, "passed": false}, "5": {"execution_time": 0.17015814781188965, "passed": false}, "6": {"execution_time": 0.18054652214050293, "passed": false}, "7": {"execution_time": 0.18036818504333496, "passed": false}, "8": {"execution_time": 0.25960230827331543, "passed": false}, "9": {"execution_time": 0.21230459213256836, "passed": false}, "10": {"execution_time": 0.19890427589416504, "passed": false}, "11": {"execution_time": 0.18003439903259277, "passed": true}, "12": {"execution_time": 0.18030810356140137, "passed": true}, "13": {"execution_time": 0.18056559562683105, "passed": false}, "14": {"execution_time": 0.21163034439086914, "passed": false}}}, "check_style_score": "0/1"}