{"version": "1", "message": "ERROR: Hidden Testcases server unreachable.", "problem_id": "ads2_m4_a1_1", "user_id": "madhurimukund97", "score": {"sample": {"0": {"execution_time": 0.355668306350708, "passed": true}, "1": {"execution_time": 0.3829662799835205, "passed": true}, "2": {"execution_time": 0.30778932571411133, "passed": true}, "3": {"execution_time": 0.3505837917327881, "passed": true}, "4": {"execution_time": 0.24217939376831055, "passed": true}, "5": {"execution_time": 0.24466800689697266, "passed": true}, "6": {"execution_time": 0.3928825855255127, "passed": true}, "7": {"execution_time": 0.25730061531066895, "passed": true}, "8": {"execution_time": 0.4945087432861328, "passed": true}, "9": {"execution_time": 0.23105907440185547, "passed": true}, "10": {"execution_time": 0.25757646560668945, "passed": true}, "11": {"execution_time": 0.263169527053833, "passed": true}, "12": {"execution_time": 0.3421823978424072, "passed": true}, "13": {"execution_time": 1.5901825428009033, "passed": true}, "14": {"execution_time": 0.3530244827270508, "passed": true}}}, "check_style_score": "1/1"}