{"version": "1", "message": "ERROR: Hidden Testcases server unreachable.", "problem_id": "ads2_m4_a1_1", "user_id": "madhurimukund97", "score": {"sample": {"0": {"execution_time": 0.2954237461090088, "passed": true}, "1": {"execution_time": 0.16799163818359375, "passed": false}, "2": {"execution_time": 0.17966985702514648, "passed": false}, "3": {"execution_time": 0.1794140338897705, "passed": false}, "4": {"execution_time": 0.17910313606262207, "passed": false}, "5": {"execution_time": 0.18017315864562988, "passed": false}, "6": {"execution_time": 0.16691017150878906, "passed": false}, "7": {"execution_time": 0.18522882461547852, "passed": false}, "8": {"execution_time": 0.28014254570007324, "passed": true}, "9": {"execution_time": 0.21033692359924316, "passed": true}, "10": {"execution_time": 0.19869470596313477, "passed": true}, "11": {"execution_time": 0.1797025203704834, "passed": true}, "12": {"execution_time": 0.1681210994720459, "passed": true}, "13": {"execution_time": 0.17936301231384277, "passed": false}, "14": {"execution_time": 0.21047139167785645, "passed": true}}}, "check_style_score": "0/1"}