{"version": "1", "message": "ERROR: Hidden Testcases server unreachable.", "problem_id": "ads2_m4_a1_1", "user_id": "madhurimukund97", "score": {"sample": {"0": {"execution_time": 0.3015024662017822, "passed": true}, "1": {"execution_time": 0.25748729705810547, "passed": true}, "2": {"execution_time": 0.2844681739807129, "passed": true}, "3": {"execution_time": 0.3547699451446533, "passed": true}, "4": {"execution_time": 0.24733686447143555, "passed": true}, "5": {"execution_time": 0.2388172149658203, "passed": true}, "6": {"execution_time": 0.22828245162963867, "passed": true}, "7": {"execution_time": 0.24295926094055176, "passed": true}, "8": {"execution_time": 0.2703742980957031, "passed": true}, "9": {"execution_time": 0.22357606887817383, "passed": true}, "10": {"execution_time": 0.20866847038269043, "passed": true}, "11": {"execution_time": 0.21009397506713867, "passed": true}, "12": {"execution_time": 0.20936179161071777, "passed": true}, "13": {"execution_time": 1.3403851985931396, "passed": true}, "14": {"execution_time": 0.20012998580932617, "passed": true}}}, "check_style_score": "0/1"}