{"version": "1", "message": "ERROR: Hidden Testcases server unreachable.", "problem_id": "ads2_m4_a1_1", "user_id": "madhurimukund97", "score": {"sample": {"0": {"execution_time": 0.3065226078033447, "passed": true}, "1": {"execution_time": 0.27756834030151367, "passed": false}, "2": {"execution_time": 0.28607821464538574, "passed": false}, "3": {"execution_time": 0.18160247802734375, "passed": false}, "4": {"execution_time": 0.18113183975219727, "passed": false}, "5": {"execution_time": 0.2307143211364746, "passed": false}, "6": {"execution_time": 0.16792798042297363, "passed": false}, "7": {"execution_time": 0.20368075370788574, "passed": false}, "8": {"execution_time": 0.4585235118865967, "passed": false}, "9": {"execution_time": 0.3308262825012207, "passed": true}, "10": {"execution_time": 0.28137969970703125, "passed": true}, "11": {"execution_time": 0.19452166557312012, "passed": true}, "12": {"execution_time": 0.18436193466186523, "passed": true}, "13": {"execution_time": 0.2372727394104004, "passed": false}, "14": {"execution_time": 0.2208545207977295, "passed": true}}}, "check_style_score": "0/1"}