{"version": "1", "message": "ERROR: Hidden Testcases server unreachable.", "problem_id": "ads2_m4_a1_1", "user_id": "madhurimukund97", "score": {"sample": {"0": {"execution_time": 0.3003835678100586, "passed": true}, "1": {"execution_time": 0.25811195373535156, "passed": true}, "2": {"execution_time": 0.3357818126678467, "passed": true}, "3": {"execution_time": 0.3240184783935547, "passed": true}, "4": {"execution_time": 0.25833988189697266, "passed": true}, "5": {"execution_time": 0.2424004077911377, "passed": true}, "6": {"execution_time": 0.25840234756469727, "passed": true}, "7": {"execution_time": 0.24306583404541016, "passed": true}, "8": {"execution_time": 0.27370238304138184, "passed": true}, "9": {"execution_time": 0.21050596237182617, "passed": true}, "10": {"execution_time": 0.21163249015808105, "passed": true}, "11": {"execution_time": 0.22494149208068848, "passed": true}, "12": {"execution_time": 0.21270465850830078, "passed": true}, "13": {"execution_time": 1.3837921619415283, "passed": true}, "14": {"execution_time": 0.19896721839904785, "passed": true}}}, "check_style_score": "0/1"}