{"version": "1", "message": "ERROR: Hidden Testcases server unreachable.", "problem_id": "ads2_m4_a1_1", "user_id": "madhurimukund97", "score": {"sample": {"0": {"execution_time": 0.2755300998687744, "passed": true}, "1": {"execution_time": 0.27782487869262695, "passed": true}, "2": {"execution_time": 0.3212857246398926, "passed": true}, "3": {"execution_time": 0.35155200958251953, "passed": true}, "4": {"execution_time": 0.23865199089050293, "passed": true}, "5": {"execution_time": 0.2587001323699951, "passed": true}, "6": {"execution_time": 0.24278783798217773, "passed": true}, "7": {"execution_time": 0.22892236709594727, "passed": true}, "8": {"execution_time": 0.2891240119934082, "passed": true}, "9": {"execution_time": 0.22729253768920898, "passed": true}, "10": {"execution_time": 0.21070122718811035, "passed": true}, "11": {"execution_time": 0.21212124824523926, "passed": true}, "12": {"execution_time": 0.2214980125427246, "passed": true}, "13": {"execution_time": 1.3012275695800781, "passed": true}, "14": {"execution_time": 0.20437073707580566, "passed": true}}}, "check_style_score": "0/1"}