{"version": "1", "message": "ERROR: Hidden Testcases server unreachable.", "problem_id": "ads2_m4_a1_1", "user_id": "madhurimukund97", "score": {"sample": {"0": {"execution_time": 0.2678799629211426, "passed": true}, "1": {"execution_time": 0.3935661315917969, "passed": true}, "2": {"execution_time": 0.30363917350769043, "passed": true}, "3": {"execution_time": 0.33608102798461914, "passed": true}, "4": {"execution_time": 0.24737167358398438, "passed": true}, "5": {"execution_time": 0.24298810958862305, "passed": true}, "6": {"execution_time": 0.2560770511627197, "passed": true}, "7": {"execution_time": 0.4009716510772705, "passed": true}, "8": {"execution_time": 0.32178568840026855, "passed": true}, "9": {"execution_time": 0.25046277046203613, "passed": true}, "10": {"execution_time": 0.22873497009277344, "passed": true}, "11": {"execution_time": 0.32477474212646484, "passed": true}, "12": {"execution_time": 0.2429647445678711, "passed": true}, "13": {"execution_time": 1.432957649230957, "passed": true}, "14": {"execution_time": 0.2307891845703125, "passed": true}}}, "check_style_score": "0/1"}