{"version": "1", "message": "ERROR: Hidden Testcases server unreachable.", "problem_id": "ads2_m4_a1_1", "user_id": "madhurimukund97", "score": {"sample": {"0": {"execution_time": 0.2997865676879883, "passed": true}, "1": {"execution_time": 0.18305301666259766, "passed": false}, "2": {"execution_time": 0.1708376407623291, "passed": false}, "3": {"execution_time": 0.18019890785217285, "passed": false}, "4": {"execution_time": 0.18045330047607422, "passed": false}, "5": {"execution_time": 0.17949771881103516, "passed": false}, "6": {"execution_time": 0.18171405792236328, "passed": false}, "7": {"execution_time": 0.17944860458374023, "passed": false}, "8": {"execution_time": 0.2462608814239502, "passed": false}, "9": {"execution_time": 0.26815056800842285, "passed": false}, "10": {"execution_time": 0.2574195861816406, "passed": false}, "11": {"execution_time": 0.18169379234313965, "passed": false}, "12": {"execution_time": 0.18762993812561035, "passed": false}, "13": {"execution_time": 0.17964601516723633, "passed": false}, "14": {"execution_time": 0.21227073669433594, "passed": true}}}, "check_style_score": "0/1"}