{"version": "1", "message": "ERROR: Hidden Testcases server unreachable.", "problem_id": "ads2_m4_a1_1", "user_id": "madhurimukund97", "score": {"sample": {"0": {"execution_time": 0.30513501167297363, "passed": true}, "1": {"execution_time": 0.3374142646789551, "passed": false}, "2": {"execution_time": 0.18055272102355957, "passed": false}, "3": {"execution_time": 0.2589304447174072, "passed": false}, "4": {"execution_time": 0.16812467575073242, "passed": false}, "5": {"execution_time": 0.24425816535949707, "passed": false}, "6": {"execution_time": 0.21994709968566895, "passed": false}, "7": {"execution_time": 0.24002814292907715, "passed": false}, "8": {"execution_time": 0.25418758392333984, "passed": false}, "9": {"execution_time": 0.2745351791381836, "passed": true}, "10": {"execution_time": 0.21110320091247559, "passed": true}, "11": {"execution_time": 0.1963646411895752, "passed": true}, "12": {"execution_time": 0.31628918647766113, "passed": true}, "13": {"execution_time": 0.31852126121520996, "passed": false}, "14": {"execution_time": 0.20647263526916504, "passed": true}}}, "check_style_score": "0/1"}