{"version": "1", "message": "ERROR: Hidden Testcases server unreachable.", "problem_id": "ads2_m4_a1_1", "user_id": "madhurimukund97", "score": {"sample": {"0": {"execution_time": 0.29113078117370605, "passed": true}, "1": {"execution_time": 0.2745692729949951, "passed": true}, "2": {"execution_time": 0.2925736904144287, "passed": true}, "3": {"execution_time": 0.33639955520629883, "passed": true}, "4": {"execution_time": 0.24232172966003418, "passed": true}, "5": {"execution_time": 0.2295083999633789, "passed": true}, "6": {"execution_time": 0.2427539825439453, "passed": true}, "7": {"execution_time": 0.26116180419921875, "passed": true}, "8": {"execution_time": 0.27383947372436523, "passed": true}, "9": {"execution_time": 0.3054821491241455, "passed": true}, "10": {"execution_time": 0.2527618408203125, "passed": true}, "11": {"execution_time": 0.21106314659118652, "passed": true}, "12": {"execution_time": 0.20028448104858398, "passed": true}, "13": {"execution_time": 1.3264412879943848, "passed": true}, "14": {"execution_time": 0.2312180995941162, "passed": true}}}, "check_style_score": "0/1"}