{"version": "1", "message": "ERROR: Hidden Testcases server unreachable.", "problem_id": "ads2_m4_a1_1", "user_id": "madhurimukund97", "score": {"sample": {"0": {"execution_time": 0.3215913772583008, "passed": true}, "1": {"execution_time": 0.1975100040435791, "passed": false}, "2": {"execution_time": 0.18120646476745605, "passed": false}, "3": {"execution_time": 0.1797327995300293, "passed": false}, "4": {"execution_time": 0.17905235290527344, "passed": false}, "5": {"execution_time": 0.16803956031799316, "passed": false}, "6": {"execution_time": 0.18008065223693848, "passed": false}, "7": {"execution_time": 0.18096661567687988, "passed": false}, "8": {"execution_time": 0.2916285991668701, "passed": true}, "9": {"execution_time": 0.2131178379058838, "passed": true}, "10": {"execution_time": 0.20381712913513184, "passed": true}, "11": {"execution_time": 0.18086457252502441, "passed": true}, "12": {"execution_time": 0.19649720191955566, "passed": true}, "13": {"execution_time": 0.18162131309509277, "passed": false}, "14": {"execution_time": 0.21317648887634277, "passed": true}}}, "check_style_score": "0/1"}